Name,ID,Byte,Bit,APID,Type,Region,Tier,Monster,Shipable,Filler Weight,Filler Count,Buy,Sell,Required items
Ambrosia's Thorns,385,3378,6,1C3F84,Boss Drop,Yokmir Forest (Boss),0,Ambrosia,TRUE,0,,7000,400,
Ammonite,378,3330,0,1C3F77,Boss Drop,Rune Prana F2 (Boss),10,Octopirate 2,TRUE,0,,168000,3200,
Blue Lion Fur,376,3322,4,1C3F75,Boss Drop,Rune Prana F4 (Boss),10,Kinoto,TRUE,0,,75000,2800,
Broken Ice Wall,377,3326,2,1C3F76,Boss Drop,Rune Prana F6 (Boss),10,Death Wall,TRUE,0,,90000,4444,
Chest Hair,37A,3337,4,1C3F79,Boss Drop,Rune Prana F7 (Boss),10,Greater Demon 2,TRUE,0,,196000,3600,
Chimera Tail,37B,3341,2,1C3F7A,Boss Drop,Rune Prana F7 (Boss),10,Chimera 2,TRUE,0,,215000,4500,
Chimera's Claw,3CF,3656,2,1C3FCE,Boss Drop,Water Ruins (Boss),4,Chimera,TRUE,0,,48000,1000,
Crystal Skull,38B,3401,2,1C3F8A,Boss Drop,Leon Karnak (Boss),9,Sarcophagus,TRUE,0,,180000,4000,
Cursed Doll,387,3386,2,1C3F86,Boss Drop,Obsidian Mansion (Boss),2,Marionetta,TRUE,0,,30000,666,
Dragon Bones,374,3315,0,1C3F73,Boss Drop,Revival Cave (Boss),5,Ancient Bone,TRUE,0,,24000,1800,
Dragon Fin,37E,3352,4,1C3F7D,Boss Drop,Sharance Maze: Deepwater Shrine Lv 10 (Boss),11,Aquaticus,TRUE,0,,300000,10000,
Earth Dragon Ash,39F,3476,2,1C3F9E,Boss Drop,Idra Cave (Boss),5,Terraclone,TRUE,0,,90000,2000,
Earthwyrm Scale,383,3371,2,1C3F82,Boss Drop,Sharance Maze (Boss),10,Terrable,TRUE,0,,300000,10000,
Electro Crystal,380,3360,0,1C3F7F,Boss Drop,Rune Prana F1 (Boss),10,Bane Dragon,TRUE,0,,160000,3100,
Fire Dragon Ash,39E,3472,4,1C3F9D,Boss Drop,Maya Road (Boss),6,Fiergaenger,TRUE,0,,110000,2100,
Firewyrm Scale,384,3375,0,1C3F83,Boss Drop,Sharance Maze (Boss),11,Fiersome,TRUE,0,,300000,10000,
Golem Tablet,382,3367,4,1C3F81,Boss Drop,Floating Empire - West (Boss),8,Sechs Golem,TRUE,0,,150000,2300,
Grimoire Scale,37C,3345,0,1C3F7B,Boss Drop,Leon Karnak (Boss),10,Grimoire 2,TRUE,0,,154000,2800,
Icy Nose,379,3333,6,1C3F78,Boss Drop,Sechs Territory (Boss),10,Crystal Mammoth,TRUE,0,,170000,3000,
Left Rock Shard,389,3393,6,1C3F88,Boss Drop,Leon Karnak (Boss),9,Sano,TRUE,0,,110000,2500,
Legendary Scale,37D,3348,6,1C3F7C,Boss Drop,Sharance Maze: Deepwater Shrine Lv 10 (Boss),11,Aquaticus,TRUE,0,,50000,3000,
Lightning Mane,386,3382,4,1C3F85,Boss Drop,Water Ruins (Boss),1,Thunderbolt,TRUE,0,,12000,700,
Melody Bottle,381,3363,6,1C3F80,Boss Drop,Rune Prana F5 (Boss),10,Siren,TRUE,0,,180000,3500,
Moving Branch,37F,3356,2,1C3F7E,Boss Drop,Rune Prana F7 (Boss),10,Dead Tree 2,TRUE,0,,210000,4500,
MTGU Plate,390,3420,0,1C3F8F,Boss Drop,Floating Empire - South (Boss),8,Armored Tank +,TRUE,0,,150000,2300,
Puppetry Strings,388,3390,0,1C3F87,Boss Drop,Obsidian Mansion (Boss),11,Marionetta,TRUE,0,,32000,964,
Raccoon Leaf,373,3311,2,1C3F72,Boss Drop,Demon's Den (Boss),6,Magnuto,TRUE,0,,30000,2000,
Rafflesia Petal,38F,3416,2,1C3F8E,Boss Drop,Delirium Lava Ruins (Boss),4,Rafflesia,TRUE,0,,50000,1250,
Red Lion Fur,375,3318,6,1C3F74,Boss Drop,Rune Prana F4 (Boss),10,Hinoe,TRUE,0,,75000,2800,
Right Rock Shard,38A,3397,4,1C3F89,Boss Drop,Leon Karnak (Boss),9,Uno,TRUE,0,,110000,2500,
Rune Sphere Shard,38E,3412,4,1C3F8D,Boss Drop,Rune Prana F7 (Boss),11,Ragnarok,TRUE,0,,400000,15000,
Tablet of Truth,3D0,3660,0,1C3FCF,Boss Drop,Rune Prana F7 (Boss),10,G Golem,TRUE,0,,82000,3800,
Throne of the Empire,38C,3405,0,1C3F8B,Boss Drop,Rune Prana F7 (Boss),11,Ragnarok,TRUE,0,,250000,1,
Water Dragon Ash,39D,3468,6,1C3F9C,Boss Drop,Sechs Territory (Boss),7,Aquameleon,TRUE,0,,130000,2200,
Wind Dragon Tooth,38D,3408,6,1C3F8C,Boss Drop,Sharance Maze: Dragon Ruins Level 12 (Boss),11,Ventuswill,TRUE,0,,300000,10000,
Accessory Bread,144,1215,0,1C3D43,Bread,Selphia,0,,TRUE,5,4,600,150,
Accessory Bread+,145,1218,6,1C3D44,Bread,Sharance Maze,10,,TRUE,1,1,999999,3000,
Cooking Bread,140,1200,0,1C3D3F,Bread,Selphia,0,,TRUE,5,4,400,100,
Cooking Bread+,141,1203,6,1C3D40,Bread,Sharance Maze,10,,TRUE,1,1,999999,3000,
Farming Bread,146,1222,4,1C3D45,Bread,Selphia,0,,TRUE,5,4,900,250,
Farming Bread+,147,1226,2,1C3D46,Bread,Sharance Maze,10,,TRUE,1,1,999999,3000,
Medicine Bread,13E,1192,4,1C3D3D,Bread,Selphia,0,,TRUE,5,4,320,120,
Medicine Bread+,13F,1196,2,1C3D3E,Bread,Sharance Maze,10,,TRUE,1,1,999999,3000,
Weapon Bread,142,1207,4,1C3D41,Bread,Selphia,0,,TRUE,5,4,700,180,
Weapon Bread+,143,1211,2,1C3D42,Bread,Sharance Maze,10,,TRUE,1,1,999999,3000,
Battle Turnip,44E,4132,4,1C404D,Category,Selphia,,,FALSE,0,,0,0,
Bullet,450,4140,0,1C404F,Category,Selphia,,,FALSE,0,,0,0,
Cherry Turnip,452,4147,4,1C4051,Category,Selphia,,,FALSE,0,,0,0,
Claws and Fangs,43D,4068,6,1C403C,Category,Selphia,,,FALSE,0,,0,0,
Cloths and Skins,43F,4076,2,1C403E,Category,Selphia,,,FALSE,0,,0,0,
Crystals,448,4110,0,1C4047,Category,Selphia,,,FALSE,0,,0,0,
Curry,44C,4125,0,1C404B,Category,Selphia,,,FALSE,0,,0,0,
Disgusting Food,453,4151,2,1C4052,Category,Selphia,,,FALSE,0,,0,0,
Feathers,44A,4117,4,1C4049,Category,Selphia,,,FALSE,0,,0,0,
Furs,440,4080,0,1C403F,Category,Selphia,,,FALSE,0,,0,0,
Gold Battle Turnip,44F,4136,2,1C404E,Category,Selphia,,,FALSE,0,,0,0,
Golden Bullet,451,4143,6,1C4050,Category,Selphia,,,FALSE,0,,0,0,
Jam,44B,4121,2,1C404A,Category,Selphia,,,FALSE,0,,0,0,
Jewels,449,4113,6,1C4048,Category,Selphia,,,FALSE,0,,0,0,
Liquids,43C,4065,0,1C403B,Category,Selphia,,,FALSE,0,,0,0,
Minerals,43B,4061,2,1C403A,Category,Selphia,,,FALSE,0,,0,0,
Powders and Spores,443,4091,2,1C4042,Category,Selphia,,,FALSE,0,,0,0,
Scales,444,4095,0,1C4043,Category,Selphia,,,FALSE,0,,0,0,
Shards,442,4087,4,1C4041,Category,Selphia,,,FALSE,0,,0,0,
Shells and Bones,445,4098,6,1C4044,Category,Selphia,,,FALSE,0,,0,0,
Squid,44D,4128,6,1C404C,Category,Selphia,,,FALSE,0,,0,0,
Sticks and Stems,43E,4072,4,1C403D,Category,Selphia,,,FALSE,0,,0,0,
Stones,446,4102,4,1C4045,Category,Selphia,,,FALSE,0,,0,0,
Strings,441,4083,6,1C4040,Category,Selphia,,,FALSE,0,,0,0,
Turnip,447,4106,2,1C4046,Category,Selphia,,,FALSE,0,,0,0,
Amethyst Brooch,279,2373,6,1C3E78,Craft,Crafting,,,TRUE,0,,498000,2000,
Amethyst Ring,260,2280,0,1C3E5F,Craft,Crafting,,,TRUE,0,,19800,450,
Anette's Necklace,29F,2516,2,1C3E9E,Craft,Crafting,,,TRUE,0,,0,25000,
Aquamarine Brooch,278,2370,0,1C3E77,Craft,Crafting,,,TRUE,0,,498000,2000,
Aquamarine Ring,25F,2276,2,1C3E5E,Craft,Crafting,,,TRUE,0,,19800,580,
Art of Attack,297,2486,2,1C3E96,Craft,Crafting,,,TRUE,0,,0,30000,
Art of Defense,298,2490,0,1C3E97,Craft,Crafting,,,TRUE,0,,0,30000,
Art of Magic,299,2493,6,1C3E98,Craft,Crafting,,,TRUE,0,,0,30000,
Badge,28D,2448,6,1C3E8C,Craft,Crafting,,,TRUE,0,,500,14,
Black Ribbon,2B0,2580,0,1C3EAF,Craft,Crafting,,,TRUE,0,,5000,50,
Blue Ribbon,2B4,2595,0,1C3EB3,Craft,Crafting,,,TRUE,0,,500,50,
Bone Boots,2D8,2730,0,1C3ED7,Craft,Crafting,,,TRUE,0,,68900,2100,
Bone Shield,259,2253,6,1C3E58,Craft,Crafting,,,TRUE,0,,42000,610,
Brand Glasses,2AA,2557,4,1C3EA9,Craft,Crafting,,,TRUE,0,,6500,650,
Bronze Bracelet,274,2355,0,1C3E73,Craft,Crafting,,,TRUE,0,,8500,135,
Cat Ears,2C1,2643,6,1C3EC0,Craft,Crafting,,,TRUE,0,,25000,7,
Chain Mail,2E1,2763,6,1C3EE0,Craft,Crafting,,,TRUE,0,,18000,420,
Champ Belt,28A,2437,4,1C3E89,Craft,Crafting,,,TRUE,0,,0,720,
Chaos Shield,257,2246,2,1C3E56,Craft,Crafting,,,TRUE,0,,21500,480,
Charm,286,2422,4,1C3E85,Craft,Crafting,,,TRUE,0,,350,45,
Cheap Bracelet,273,2351,2,1C3E72,Craft,Crafting,,,TRUE,0,,100,24,
Cotton Cloth,2E0,2760,0,1C3EDF,Craft,Crafting,,,TRUE,0,,4980,125,
Courage Badge,292,2467,4,1C3E91,Craft,Crafting,,,TRUE,0,,0,80000,
Critical Ring,26E,2332,4,1C3E6D,Craft,Crafting,,,TRUE,0,,65000,750,
Crown,2C2,2647,4,1C3EC1,Craft,Crafting,,,TRUE,0,,0,60000,
Cursed Ring,266,2302,4,1C3E65,Craft,Crafting,,,TRUE,0,,19800,420,
Cute Knitting,2AF,2576,2,1C3EAE,Craft,Crafting,,,TRUE,0,,1800,27,
Dew Pendant,283,2411,2,1C3E82,Craft,Crafting,,,TRUE,0,,75000,1400,
Diamond Brooch,27C,2385,0,1C3E7B,Craft,Crafting,,,TRUE,0,,0,28000,
Diamond Ring,263,2291,2,1C3E62,Craft,Crafting,,,TRUE,0,,0,5000,
Dolphin Brooch,2A3,2531,2,1C3EA2,Craft,Crafting,,,TRUE,0,,0,15000,
Dragon Cloak,2EA,2797,4,1C3EE9,Craft,Crafting,,,TRUE,0,,0,7800,
Earrings,29A,2497,4,1C3E99,Craft,Crafting,,,TRUE,0,,1500,50,
Earth Pendant,284,2415,0,1C3E83,Craft,Crafting,,,TRUE,0,,75000,1370,
Earth Ring,26A,2317,4,1C3E69,Craft,Crafting,,,TRUE,0,,0,5000,
Element Shield,256,2242,4,1C3E55,Craft,Crafting,,,TRUE,0,,0,14800,
Elvish Cloak,2E8,2790,0,1C3EE7,Craft,Crafting,,,TRUE,0,,0,6400,
Emerald Brooch,27A,2377,4,1C3E79,Craft,Crafting,,,TRUE,0,,498000,2300,
Emerald Ring,261,2283,6,1C3E60,Craft,Crafting,,,TRUE,0,,19800,850,
Engagement Ring,2A4,2535,0,1C3EA3,Craft,Crafting,,,TRUE,0,,0,1,
Fairy Boots,2D9,2733,6,1C3ED8,Craft,Crafting,,,TRUE,0,,0,52000,
Fancy Hat,2A7,2546,2,1C3EA6,Craft,Crafting,,,TRUE,0,,2800,47,
Fast Step Boots,2D3,2711,2,1C3ED2,Craft,Crafting,,,TRUE,0,,33600,770,
Feather Boots,2C5,2658,6,1C3EC4,Craft,Crafting,,,TRUE,0,,0,7780,
Feathered Hat,2A9,2553,6,1C3EA8,Craft,Crafting,,,TRUE,0,,0,330,
Field Pendant,282,2407,4,1C3E81,Craft,Crafting,,,TRUE,0,,75000,1350,
Fire Ring,267,2306,2,1C3E66,Craft,Crafting,,,TRUE,0,,0,5000,
Fireproof Hood,2AE,2572,4,1C3EAD,Craft,Crafting,,,TRUE,0,,6800,77,
Fluffy Scarf,296,2482,4,1C3E95,Craft,Crafting,,,TRUE,0,,0,1350,
Four Dragons' Vest,2ED,2808,6,1C3EEC,Craft,Crafting,,,TRUE,0,,0,120000,
Four Seasons,2C3,2651,2,1C3EC2,Craft,Crafting,,,TRUE,0,,0,2500,
Free Farming Shoes,2DA,2737,4,1C3ED9,Craft,Crafting,,,TRUE,0,,450,40,
Ghost Boots,2CD,2688,6,1C3ECC,Craft,Crafting,,,TRUE,0,,0,6800,
Gloves,28B,2441,2,1C3E8A,Craft,Crafting,,,TRUE,0,,120000,170,
Gold Boots,2D7,2726,2,1C3ED6,Craft,Crafting,,,TRUE,0,,50000,1200,
Gold Bracelet,276,2362,4,1C3E75,Craft,Crafting,,,TRUE,0,,72800,600,
Gold Hairpin,2A6,2542,4,1C3EA5,Craft,Crafting,,,TRUE,0,,0,1200,
Gold Ring,26C,2325,0,1C3E6B,Craft,Crafting,,,TRUE,0,,0,5200,
Green Ribbon,2B5,2598,6,1C3EB4,Craft,Crafting,,,TRUE,0,,500,50,
Hand-Knit Scarf,295,2478,6,1C3E94,Craft,Crafting,,,TRUE,0,,18000,390,
Happy Ring,265,2298,6,1C3E64,Craft,Crafting,,,TRUE,0,,0,1800,
Headband,2A8,2550,0,1C3EA7,Craft,Crafting,,,TRUE,0,,65,13,
Headdress,2C0,2640,0,1C3EBF,Craft,Crafting,,,TRUE,0,,11480,75,
Heart Pendant,27F,2396,2,1C3E7E,Craft,Crafting,,,TRUE,0,,250000,800,
Heavy Boots,2C6,2662,4,1C3EC5,Craft,Crafting,,,TRUE,0,,20700,520,
Heavy Shield,251,2223,6,1C3E50,Craft,Crafting,,,TRUE,0,,90000,940,
Hero's Proof,293,2471,2,1C3E92,Craft,Crafting,,,TRUE,0,,0,30000,
Holy Amulet,285,2418,6,1C3E84,Craft,Crafting,,,TRUE,0,,498000,2600,
Ice Skates,2CA,2677,4,1C3EC9,Craft,Crafting,,,TRUE,0,,0,5400,
Indigo Ribbon,2B7,2606,2,1C3EB6,Craft,Crafting,,,TRUE,0,,0,500,
Intelligent Glasses,2AC,2565,0,1C3EAB,Craft,Crafting,,,TRUE,0,,5500,420,
Iron Geta,2CE,2692,4,1C3ECD,Craft,Crafting,,,TRUE,0,,0,7000,
Iron Shield,24E,2212,4,1C3E4D,Craft,Crafting,,,TRUE,0,,1240,47,
Kite Shield,25A,2257,4,1C3E59,Craft,Crafting,,,TRUE,0,,378000,4600,
Knight Boots,2C8,2670,0,1C3EC7,Craft,Crafting,,,TRUE,0,,0,12500,
Knight Shield,252,2227,4,1C3E51,Craft,Crafting,,,TRUE,0,,0,7900,
Lamellar Vest,2E7,2786,2,1C3EE6,Craft,Crafting,,,TRUE,0,,0,4500,
Leather Belt,287,2426,2,1C3E86,Craft,Crafting,,,TRUE,0,,1600,27,
Leather Boots,2C7,2666,2,1C3EC6,Craft,Crafting,,,TRUE,0,,80,7,
Lolita Headdress,2BF,2636,2,1C3EBE,Craft,Crafting,,,TRUE,0,,9200,68,
Lucky Strike,288,2430,0,1C3E87,Craft,Crafting,,,TRUE,0,,0,6200,
Magic Charm,28F,2456,2,1C3E8E,Craft,Crafting,,,TRUE,0,,150000,800,
Magic Earrings,29C,2505,0,1C3E9B,Craft,Crafting,,,TRUE,0,,425000,1400,
Magic Ring,272,2347,4,1C3E71,Craft,Crafting,,,TRUE,0,,180000,1900,
Magic Shield,254,2235,0,1C3E53,Craft,Crafting,,,TRUE,0,,71500,1200,
Magical Shield,25B,2261,2,1C3E5A,Craft,Crafting,,,TRUE,0,,0,18000,
Mail,2DF,2756,2,1C3EDE,Craft,Crafting,,,TRUE,0,,9200,206,
Mercenary's Cloak,2DE,2752,4,1C3EDD,Craft,Crafting,,,TRUE,0,,0,3000,
Monkey Plush,25C,2265,0,1C3E5B,Craft,Crafting,,,TRUE,0,,3950,74,
Orange Ribbon,2B1,2583,6,1C3EB0,Craft,Crafting,,,TRUE,0,,50000,50,
Paralysis Ring,270,2340,0,1C3E6F,Craft,Crafting,,,TRUE,0,,19800,550,
Piyo Sandals,2CB,2681,2,1C3ECA,Craft,Crafting,,,TRUE,0,,320,25,
Platinum Bracelet,277,2366,2,1C3E76,Craft,Crafting,,,TRUE,0,,1020000,1800,
Platinum Mail,2E6,2782,4,1C3EE5,Craft,Crafting,,,TRUE,0,,198000,3800,
Platinum Ring,26D,2328,6,1C3E6C,Craft,Crafting,,,TRUE,0,,0,7200,
Platinum Shield,250,2220,0,1C3E4F,Craft,Crafting,,,TRUE,0,,127000,3800,
Poison Ring,271,2343,6,1C3E70,Craft,Crafting,,,TRUE,0,,19800,480,
Power Gloves,28E,2452,4,1C3E8D,Craft,Crafting,,,TRUE,0,,312000,420,
Power Protector,2E9,2793,6,1C3EE8,Craft,Crafting,,,TRUE,0,,0,18000,
Prism Shield,255,2238,6,1C3E54,Craft,Crafting,,,TRUE,0,,0,30000,
Proof of Wisdom,294,2475,0,1C3E93,Craft,Crafting,,,TRUE,0,,0,30000,
Protector,2E3,2771,2,1C3EE2,Craft,Crafting,,,TRUE,0,,106200,1000,
Pumpkin Headgear,2BA,2617,4,1C3EB9,Craft,Crafting,,,TRUE,0,,2500,135,
Purple Ribbon,2B6,2602,4,1C3EB5,Craft,Crafting,,,TRUE,0,,500,50,
Red Ribbon,2B2,2587,4,1C3EB1,Craft,Crafting,,,TRUE,0,,31500,50,
Rocket Wing,2D5,2718,6,1C3ED4,Craft,Crafting,,,TRUE,0,,0,120000,
Rosary,291,2463,6,1C3E90,Craft,Crafting,,,TRUE,0,,78000,1580,
Round Shield,24F,2216,2,1C3E4E,Craft,Crafting,,,TRUE,0,,5440,118,
Royal Garter,2EC,2805,0,1C3EEB,Craft,Crafting,,,TRUE,0,,0,48000,
Ruby Brooch,27D,2388,6,1C3E7C,Craft,Crafting,,,TRUE,0,,498000,2350,
Ruby Ring,264,2295,0,1C3E63,Craft,Crafting,,,TRUE,0,,19800,900,
Rune Shield,253,2231,2,1C3E52,Craft,Crafting,,,TRUE,0,,0,110000,
Rune Vest,2EB,2801,2,1C3EEA,Craft,Crafting,,,TRUE,0,,0,30000,
Sapphire Brooch,27B,2381,2,1C3E7A,Craft,Crafting,,,TRUE,0,,498000,2500,
Sapphire Ring,262,2287,4,1C3E61,Craft,Crafting,,,TRUE,0,,19800,1000,
Scale Vest,2E2,2767,4,1C3EE1,Craft,Crafting,,,TRUE,0,,31000,620,
Secret Shoes,2D0,2700,0,1C3ECF,Craft,Crafting,,,TRUE,0,,8120,108,
Shield Ring,290,2460,0,1C3E8F,Craft,Crafting,,,TRUE,0,,68000,320,
Shirt,2DB,2741,2,1C3EDA,Craft,Crafting,,,TRUE,0,,120,13,
Silent Ring,26F,2336,2,1C3E6E,Craft,Crafting,,,TRUE,0,,19800,2600,
Silk Hat,2C4,2655,0,1C3EC3,Craft,Crafting,,,TRUE,0,,0,19,
Silver Boots,2D6,2722,4,1C3ED5,Craft,Crafting,,,TRUE,0,,14280,400,
Silver Bracelet,275,2358,6,1C3E74,Craft,Crafting,,,TRUE,0,,27200,390,
Silver Hairpin,2A5,2538,6,1C3EA4,Craft,Crafting,,,TRUE,0,,25000,380,
Silver Pendant,27E,2392,4,1C3E7D,Craft,Crafting,,,TRUE,0,,5000,380,
Silver Ring,26B,2321,2,1C3E6A,Craft,Crafting,,,TRUE,0,,45000,450,
Small Shield,24D,2208,6,1C3E4C,Craft,Crafting,,,TRUE,0,,70,22,
Sneaking Boots,2D2,2707,4,1C3ED1,Craft,Crafting,,,TRUE,0,,22000,780,
Snow Boots,2C9,2673,6,1C3EC8,Craft,Crafting,,,TRUE,0,,95000,1500,
Sparkling Shirt,2E5,2778,6,1C3EE4,Craft,Crafting,,,TRUE,0,,49200,600,
Spectacles,2AB,2561,2,1C3EAA,Craft,Crafting,,,TRUE,0,,5000,350,
Star Pendant,280,2400,0,1C3E7F,Craft,Crafting,,,TRUE,0,,75000,1380,
Stay-up Ring,2A1,2523,6,1C3EA0,Craft,Crafting,,,TRUE,0,,0,1100,
Step-In Boots,2CC,2685,0,1C3ECB,Craft,Crafting,,,TRUE,0,,0,3200,
Strange Pendant,2A2,2527,4,1C3EA1,Craft,Crafting,,,TRUE,0,,0,600,
Straw Hat,2AD,2568,6,1C3EAC,Craft,Crafting,,,TRUE,0,,1600,68,
Strider Boots,2CF,2696,2,1C3ECE,Craft,Crafting,,,TRUE,0,,188000,2600,
Sun Pendant,281,2403,6,1C3E80,Craft,Crafting,,,TRUE,0,,75000,1300,
Talisman,289,2433,6,1C3E88,Craft,Crafting,,,TRUE,0,,60000,2100,
Throwing Ring,2A0,2520,0,1C3E9F,Craft,Crafting,,,TRUE,0,,0,1200,
Turnip Headgear,2B9,2613,6,1C3EB8,Craft,Crafting,,,TRUE,0,,2500,40,
Turtle Shield,258,2250,0,1C3E57,Craft,Crafting,,,TRUE,0,,9800,240,
Umbrella,25D,2268,6,1C3E5C,Craft,Crafting,,,TRUE,0,,300,52,
Venti's Charm,29D,2508,6,1C3E9C,Craft,Crafting,,,FALSE,0,,0,0,
Venti's Charm,29E,2512,4,1C3E9D,Craft,Crafting,,,FALSE,0,,0,0,
Vest,2DC,2745,0,1C3EDB,Craft,Crafting,,,TRUE,0,,1300,20,
Water Ring,269,2313,6,1C3E68,Craft,Crafting,,,TRUE,0,,0,5000,
Water Shoes,2D4,2715,0,1C3ED3,Craft,Crafting,,,TRUE,0,,0,280,
Wet Boots,2D1,2703,6,1C3ED0,Craft,Crafting,,,TRUE,0,,78000,370,
White Ribbon,2B8,2610,0,1C3EB7,Craft,Crafting,,,TRUE,0,,80000,50,
Wind Cloak,2E4,2775,0,1C3EE3,Craft,Crafting,,,TRUE,0,,72780,980,
Wind Ring,268,2310,0,1C3E67,Craft,Crafting,,,TRUE,0,,0,5000,
Witch Earrings,29B,2501,2,1C3E9A,Craft,Crafting,,,TRUE,0,,160000,1200,
Wooly Shirt,2DD,2748,6,1C3EDC,Craft,Crafting,,,TRUE,0,,0,4200,
Work Gloves,28C,2445,0,1C3E8B,Craft,Crafting,,,TRUE,0,,1500,13,
Yarn,331,3063,6,1C3F30,Craft,Crafting,,,TRUE,0,,300,80,
Yellow Ribbon,2B3,2591,2,1C3EB2,Craft,Crafting,,,TRUE,0,,10000,50,
4-Leaf Clover,5E,352,4,1C3C5D,Crop,Selphia,6,,TRUE,0,,4000,980,
Autumn Grass,66,382,4,1C3C65,Crop,Selphia,8,,TRUE,0,,6000,1800,
Blue Crystal,58,330,0,1C3C57,Crop,Sercerezo Hill,6,,TRUE,0,,40000,15000,
Bok Choy,23,131,2,1C3C22,Crop,Selphia,7,,TRUE,0,,1900,420,
Cabbage,1,3,6,1C3C00,Crop,Selphia,7,,TRUE,0,,2800,680,
Carrot,17,86,2,1C3C16,Crop,Selphia,4,,TRUE,0,,2600,380,
Charm Blue,45,258,6,1C3C44,Crop,Selphia,2,,TRUE,0,,800,220,
Cherry Grass,54,315,0,1C3C53,Crop,Selphia,4,,TRUE,0,,700,230,
Corn,D,48,6,1C3C0C,Crop,Selphia,4,,TRUE,0,,3000,1000,
Cucumber,B,41,2,1C3C0A,Crop,Selphia,5,,TRUE,0,,250,68,
Eggplant,11,63,6,1C3C10,Crop,Selphia,8,,TRUE,0,,950,190,
Emery Flower,5A,337,4,1C3C59,Crop,Selphia,10,,TRUE,0,,500000,55000,
Fireflower,60,360,0,1C3C5F,Crop,Selphia,9,,TRUE,0,,10000,2800,
Green Crystal,62,367,4,1C3C61,Crop,Sercerezo Hill,6,,TRUE,0,,48000,17000,
Green Pepper,19,93,6,1C3C18,Crop,Selphia,6,,TRUE,0,,700,150,
Hot-Hot Fruit,25,138,6,1C3C24,Crop,Selphia,8,,TRUE,0,,7000,900,
Ironleaf,5C,345,0,1C3C5B,Crop,Selphia,7,,TRUE,0,,4444,1111,
Lamp Grass,56,322,4,1C3C55,Crop,Selphia,5,,TRUE,0,,2000,650,
Leek,21,123,6,1C3C20,Crop,Water Ruins,6,,TRUE,0,,4800,1600,
Magic Plant Shield,25E,2272,4,1C3E5D,Crop,Demon's Den,6,,TRUE,0,,0,1000,
Moondrop Flower,41,243,6,1C3C40,Crop,Selphia,1,,TRUE,0,,400,115,
Noel Grass,64,375,0,1C3C63,Crop,Selphia,9,,TRUE,0,,6660,2000,
Onion,7,26,2,1C3C06,Crop,Selphia,7,,TRUE,0,,6700,800,
Pineapple,39,213,6,1C3C38,Crop,Selphia,8,,TRUE,0,,8500,1600,
Pink Cat,43,251,2,1C3C42,Crop,Selphia,1,,TRUE,0,,450,110,
Pink Melon,5,18,6,1C3C04,Crop,Selphia,9,,TRUE,0,,5000,850,
Pink Turnip,3,11,2,1C3C02,Crop,Selphia,2,,TRUE,0,,700,200,
Plant Sword,169,1353,6,1C3D68,Crop,Demon's Den,6,,TRUE,0,,0,1000,
Pom-Pom Grass,68,390,0,1C3C67,Crop,Selphia,3,,TRUE,0,,1500,440,
Potato,15,78,6,1C3C14,Crop,Selphia,1,,TRUE,0,,600,90,
Pumpkin,9,33,6,1C3C08,Crop,Selphia,5,,TRUE,0,,420,110,
Radish,1F,116,2,1C3C1E,Crop,Selphia,1,,TRUE,0,,1580,360,
Red Crystal,6A,397,4,1C3C69,Crop,Sercerezo Hill,6,,TRUE,0,,56000,20000,
Spinach,1B,101,2,1C3C1A,Crop,Selphia,1,,TRUE,0,,300,65,
Strawberry,37,206,2,1C3C36,Crop,Selphia,4,,TRUE,0,,800,135,
Tomato,F,56,2,1C3C0E,Crop,Selphia,9,,TRUE,0,,1800,540,
Toyherb,3F,236,2,1C3C3E,Crop,Selphia,0,,TRUE,0,,250,65,
Turnip,1D,108,6,1C3C1C,Crop,Selphia,0,,TRUE,0,,200,30,
White Crystal,6C,405,0,1C3C6B,Crop,Sercerezo Hill,6,,TRUE,0,,80000,22500,
Yam,13,71,2,1C3C12,Crop,Selphia,3,,TRUE,0,,450,140,
Apple Jam,DC,825,0,1C3CDB,Dish,Pro Cooking,,,TRUE,0,,520,170,
Apple Juice,106,982,4,1C3D05,Dish,EZ Cooking,,,TRUE,0,,530,175,
Apple Pie,101,963,6,1C3D00,Dish,Pro Cooking,,,TRUE,0,,5820,1910,
Baked Apple,AA,637,4,1C3CA9,Dish,EZ Cooking,,,TRUE,0,,550,175,
Baked Onigiri,F0,900,0,1C3CEF,Dish,Pro Cooking,,,TRUE,0,,220,65,
Bamboo Rice,123,1091,2,1C3D22,Dish,Cooking,,,TRUE,0,,490,162,
Blowfish Sashimi,9C,585,0,1C3C9B,Dish,EZ Cooking,,,TRUE,0,,36000,8800,
Boiled Egg,D8,810,0,1C3CD7,Dish,Pro Cooking,,,TRUE,0,,1000,330,
Boiled Gyoza,DA,817,4,1C3CD9,Dish,Pro Cooking,,,TRUE,0,,32000,9000,
Boiled Pumpkin,D6,802,4,1C3CD5,Dish,Pro Cooking,,,TRUE,0,,580,180,
Boiled Spinach,D7,806,2,1C3CD6,Dish,Pro Cooking,,,TRUE,0,,340,95,
Bread,128,1110,0,1C3D27,Dish,Pro Cooking,,,TRUE,0,,440,145,
Butter,10F,1016,2,1C3D0E,Dish,EZ Cooking,,,TRUE,0,,1500,300,
Butter Roll,F4,915,0,1C3CF3,Dish,Pro Cooking,,,TRUE,0,,6800,2200,
Cabbage Cakes,A1,603,6,1C3CA0,Dish,EZ Cooking,,,TRUE,0,,23600,6000,
Cake,FE,952,4,1C3CFD,Dish,Pro Cooking,,,TRUE,0,,15000,4200,
Char Sashimi,87,506,2,1C3C86,Dish,EZ Cooking,,,TRUE,0,,720,130,
Cheese,137,1166,2,1C3D36,Dish,Cooking,,,TRUE,0,,2500,400,
Cheese Bread,114,1035,0,1C3D13,Dish,Pro Cooking,,,TRUE,0,,7300,2420,
Cheese Fondue,DF,836,2,1C3CDE,Dish,Pro Cooking,,,TRUE,0,,3100,1025,
Cheesecake,100,960,0,1C3CFF,Dish,Pro Cooking,,,TRUE,0,,7820,2540,
Cherry Sashimi,8A,517,4,1C3C89,Dish,EZ Cooking,,,TRUE,0,,240,21,
Chinese Manju,116,1042,4,1C3D15,Dish,Pro Cooking,,,TRUE,0,,820,272,
Choco Cookie,FD,948,6,1C3CFC,Dish,Pro Cooking,,,TRUE,0,,8200,2700,
Chocolate Cake,FF,956,2,1C3CFE,Dish,Pro Cooking,,,TRUE,0,,12000,3860,
Chocolate Sponge,11A,1057,4,1C3D19,Dish,Pro Cooking,,,TRUE,0,,5600,1800,
Cookie,FC,945,0,1C3CFB,Dish,Pro Cooking,,,TRUE,0,,5980,1960,
Corn Cereal,A5,618,6,1C3CA4,Dish,EZ Cooking,,,TRUE,0,,9200,2800,
Corn on the Cob,EF,896,2,1C3CEE,Dish,Pro Cooking,,,TRUE,0,,6200,1860,
Croquettes,A3,611,2,1C3CA2,Dish,EZ Cooking,,,TRUE,0,,4000,1300,
Curry Bread,AB,641,2,1C3CAA,Dish,EZ Cooking,,,TRUE,0,,36000,6000,
Curry Manju,117,1046,2,1C3D16,Dish,Pro Cooking,,,TRUE,0,,36800,4800,
Curry Rice,E8,870,0,1C3CE7,Dish,Pro Cooking,,,TRUE,0,,8800,2400,
Curry Udon,E1,843,6,1C3CE0,Dish,Pro Cooking,,,TRUE,0,,29000,5000,
Disastrous Dish,85,498,6,1C3C84,Dish,EZ Cooking,,,TRUE,1,3,1000,50,
Donut,AD,648,6,1C3CAC,Dish,EZ Cooking,,,TRUE,0,,7500,2450,
Doria,F7,926,2,1C3CF6,Dish,Pro Cooking,,,TRUE,0,,18300,6000,
Dried Sardines,C6,742,4,1C3CC5,Dish,EZ Cooking,,,TRUE,0,,2300,400,
Dry Curry,B3,671,2,1C3CB2,Dish,EZ Cooking,,,TRUE,0,,49800,8600,
Dumplings,11D,1068,6,1C3D1C,Dish,Pro Cooking,,,TRUE,0,,150,45,
Egg Bowl,E6,862,4,1C3CE5,Dish,Pro Cooking,,,TRUE,0,,1500,492,
Failed Dish,84,495,0,1C3C83,Dish,EZ Cooking,,,TRUE,3,3,15,2,
Fall Sashimi,98,570,0,1C3C97,Dish,EZ Cooking,,,TRUE,0,,15800,3750,
Flan,11B,1061,2,1C3D1A,Dish,Pro Cooking,,,TRUE,0,,2500,832,
Flounder Sashimi,96,562,4,1C3C95,Dish,EZ Cooking,,,TRUE,0,,2300,300,
French Fries,A2,607,4,1C3CA1,Dish,EZ Cooking,,,TRUE,0,,2000,614,
French Toast,AC,645,0,1C3CAB,Dish,EZ Cooking,,,TRUE,0,,3000,670,
Fried Eggs,A7,626,2,1C3CA6,Dish,EZ Cooking,,,TRUE,0,,1100,335,
Fried Rice,A0,600,0,1C3C9F,Dish,EZ Cooking,,,TRUE,0,,3300,1080,
Fried Udon,AE,652,4,1C3CAD,Dish,EZ Cooking,,,TRUE,0,,50000,12000,
Fried Veggies,9F,596,2,1C3C9E,Dish,EZ Cooking,,,TRUE,0,,5000,1550,
Fruit Juice,108,990,0,1C3D07,Dish,EZ Cooking,,,TRUE,0,,1980,630,
Fruit Sandwich,120,1080,0,1C3D1F,Dish,Cooking,,,TRUE,0,,1920,540,
Fruit Smoothie,109,993,6,1C3D08,Dish,EZ Cooking,,,TRUE,0,,4280,1400,
Girella Sashimi,8F,536,2,1C3C8E,Dish,EZ Cooking,,,TRUE,0,,400,52,
Glazed Yam,D9,813,6,1C3CD8,Dish,Pro Cooking,,,TRUE,0,,1850,560,
Glitter Sashimi,8D,528,6,1C3C8C,Dish,EZ Cooking,,,TRUE,0,,120000,24000,
Gold Juice,110,1020,0,1C3D0F,Dish,EZ Cooking,11,,TRUE,0,,2400000,800000,
Grape Jam,DD,828,6,1C3CDC,Dish,Pro Cooking,,,TRUE,0,,420,135,
Grape Juice,104,975,0,1C3D03,Dish,EZ Cooking,,,TRUE,0,,440,140,
Grape Liqueur,D5,798,6,1C3CD4,Dish,Pro Cooking,,,TRUE,0,,4420,1470,
Gratin,F9,933,6,1C3CF8,Dish,Pro Cooking,,,TRUE,0,,26200,8200,
Grilled Blowfish,CF,776,2,1C3CCE,Dish,EZ Cooking,,,TRUE,0,,48000,7800,
Grilled C. Carp,BB,701,2,1C3CBA,Dish,EZ Cooking,,,TRUE,0,,810,265,
Grilled F.Flounder,CB,761,2,1C3CCA,Dish,EZ Cooking,,,TRUE,0,,20000,4850,
Grilled Flounder,C9,753,6,1C3CC8,Dish,EZ Cooking,,,TRUE,0,,3250,420,
Grilled G. Snapper,BF,716,2,1C3CBE,Dish,EZ Cooking,,,TRUE,0,,154000,30500,
Grilled Gibelio,BC,705,0,1C3CBB,Dish,EZ Cooking,,,TRUE,0,,1800,272,
Grilled Girella,BE,712,4,1C3CBD,Dish,EZ Cooking,,,TRUE,0,,900,295,
Grilled L. Snapper,C0,720,0,1C3CBF,Dish,EZ Cooking,,,TRUE,0,,28800,7100,
Grilled Lamp Squid,CE,772,4,1C3CCD,Dish,EZ Cooking,,,TRUE,0,,15200,3780,
Grilled Lobster,D0,780,0,1C3CCF,Dish,EZ Cooking,,,TRUE,0,,5200,1720,
Grilled Mackerel,C2,727,4,1C3CC1,Dish,EZ Cooking,,,TRUE,0,,1000,325,
Grilled Miso,EC,885,0,1C3CEB,Dish,Pro Cooking,,,TRUE,0,,2000,660,
Grilled Needlefish,C7,746,2,1C3CC6,Dish,EZ Cooking,,,TRUE,0,,750,248,
Grilled S.Flounder,D2,787,4,1C3CD1,Dish,EZ Cooking,,,TRUE,0,,850,275,
Grilled Shrimp,D1,783,6,1C3CD0,Dish,EZ Cooking,,,TRUE,0,,1200,398,
Grilled Skipjack,C1,723,6,1C3CC0,Dish,EZ Cooking,,,TRUE,0,,4800,510,
Grilled Snapper,BD,708,6,1C3CBC,Dish,EZ Cooking,,,TRUE,0,,11200,2680,
Grilled Squid,CC,765,0,1C3CCB,Dish,EZ Cooking,,,TRUE,0,,800,250,
Grilled Sunsquid,CD,768,6,1C3CCC,Dish,EZ Cooking,,,TRUE,0,,80000,15800,
Grilled Turbot,CA,757,4,1C3CC9,Dish,EZ Cooking,,,TRUE,0,,2000,648,
Grilled Yellowtail,C3,731,2,1C3CC2,Dish,EZ Cooking,,,TRUE,0,,35400,8600,
Gyoza,B1,663,6,1C3CB0,Dish,EZ Cooking,,,TRUE,0,,32000,9000,
Hot Chocolate,D4,795,0,1C3CD3,Dish,Pro Cooking,,,TRUE,0,,530,175,
Hot Juice,112,1027,4,1C3D11,Dish,EZ Cooking,,,TRUE,0,,13000,3600,
Hot Milk,D3,791,2,1C3CD2,Dish,Pro Cooking,,,TRUE,5,1,930,308,
Ice Cream,125,1098,6,1C3D24,Dish,EZ Cooking,,,TRUE,0,,2000,645,
Jam Roll,F3,911,2,1C3CF2,Dish,Pro Cooking,,,TRUE,0,,5000,1940,
Ketchup,10E,1012,4,1C3D0D,Dish,EZ Cooking,,,TRUE,0,,4000,1300,
Lamp Squid Sashimi,9B,581,2,1C3C9A,Dish,EZ Cooking,,,TRUE,0,,12000,2895,
Lobster Sashimi,9D,588,6,1C3C9C,Dish,EZ Cooking,,,TRUE,0,,3800,1230,
Lover Sashimi,8E,532,4,1C3C8D,Dish,EZ Cooking,,,TRUE,0,,21800,5400,
Marmalade,DE,832,4,1C3CDD,Dish,Pro Cooking,,,TRUE,0,,280,90,
Mayonnaise,136,1162,4,1C3D35,Dish,EZ Cooking,,,TRUE,0,,2200,720,
Meat Dumpling,115,1038,6,1C3D14,Dish,Pro Cooking,,,TRUE,0,,16000,5200,
Milk Porridge,E4,855,0,1C3CE3,Dish,Pro Cooking,,,TRUE,0,,1400,464,
Miso Eggplant,A6,622,4,1C3CA5,Dish,EZ Cooking,,,TRUE,0,,1800,375,
Mixed Juice,10C,1005,0,1C3D0B,Dish,EZ Cooking,,,TRUE,0,,36000,12000,
Mixed Smoothie,10D,1008,6,1C3D0C,Dish,EZ Cooking,,,TRUE,0,,75000,25000,
Needlefish Sashimi,94,555,0,1C3C93,Dish,EZ Cooking,,,TRUE,0,,300,34,
Omelet,A8,630,0,1C3CA7,Dish,EZ Cooking,,,TRUE,0,,2500,820,
Omelet Rice,A9,633,6,1C3CA8,Dish,EZ Cooking,,,TRUE,0,,16000,5200,
Onigiri,127,1106,2,1C3D26,Dish,Cooking,,,TRUE,0,,180,57,
Orange Juice,105,978,6,1C3D04,Dish,EZ Cooking,,,TRUE,0,,290,92,
Pancakes,B0,660,0,1C3CAF,Dish,EZ Cooking,,,TRUE,0,,9500,3120,
Pickle Mix,12A,1117,4,1C3D29,Dish,Cooking,,,TRUE,0,,2800,520,
Pickled Turnip,121,1083,6,1C3D20,Dish,Cooking,,,TRUE,0,,400,48,
Pickles,122,1087,4,1C3D21,Dish,Cooking,,,TRUE,0,,450,105,
Pike Sashimi,95,558,6,1C3C94,Dish,EZ Cooking,,,TRUE,0,,150,13,
Pineapple Juice,102,967,4,1C3D01,Dish,EZ Cooking,,,TRUE,0,,14800,4400,
Pizza,F5,918,6,1C3CF4,Dish,Pro Cooking,,,TRUE,0,,25800,8000,
Popcorn,A4,615,0,1C3CA3,Dish,EZ Cooking,,,TRUE,0,,6200,1800,
Pound Cake,119,1053,6,1C3D18,Dish,Pro Cooking,,,TRUE,0,,1880,608,
Prelude to Love,111,1023,6,1C3D10,Dish,EZ Cooking,,,TRUE,0,,11200,2600,
Pumpkin Flan,11C,1065,0,1C3D1B,Dish,Pro Cooking,,,TRUE,0,,5250,1350,
Rainbow Sashimi,88,510,0,1C3C87,Dish,EZ Cooking,,,TRUE,0,,1740,240,
Raisin Bread,124,1095,0,1C3D23,Dish,Pro Cooking,,,TRUE,0,,1200,380,
Relax Tea,EB,881,2,1C3CEA,Dish,Pro Cooking,,,TRUE,1,1,30000,10000,
Relax Tea Leaves,126,1102,4,1C3D25,Dish,Cooking,,,TRUE,0,,2800,100,
Rice Porridge,E3,851,2,1C3CE2,Dish,Pro Cooking,,,TRUE,0,,190,57,
Risotto,B2,667,4,1C3CB1,Dish,EZ Cooking,,,TRUE,0,,7000,2300,
Rockfish Stew,EE,892,4,1C3CED,Dish,Pro Cooking,,,TRUE,0,,5800,1360,
Royal Curry,EA,877,4,1C3CE9,Dish,Pro Cooking,11,,TRUE,0,,1600000,500000,
Salad,11E,1072,4,1C3D1D,Dish,Cooking,,,TRUE,0,,21000,6900,
Salmon Onigiri,129,1113,6,1C3D28,Dish,Cooking,,,TRUE,0,,2000,645,
Salmon Sashimi,89,513,6,1C3C88,Dish,EZ Cooking,,,TRUE,0,,570,100,
Salted C. Salmon,B7,686,2,1C3CB6,Dish,EZ Cooking,,,TRUE,0,,730,238,
Salted Char,B5,678,6,1C3CB4,Dish,EZ Cooking,,,TRUE,0,,1300,260,
Salted Chub,B8,690,0,1C3CB7,Dish,EZ Cooking,,,TRUE,0,,2200,330,
Salted Masu Trout,B4,675,0,1C3CB3,Dish,EZ Cooking,,,TRUE,0,,680,220,
Salted Pike,C8,750,0,1C3CC7,Dish,EZ Cooking,,,TRUE,0,,600,190,
Salted Pond Smelt,C4,735,0,1C3CC3,Dish,EZ Cooking,,,TRUE,0,,600,173,
Salted R. Trout,B6,682,4,1C3CB5,Dish,EZ Cooking,,,TRUE,0,,2750,390,
Salted Salmon,B9,693,6,1C3CB8,Dish,EZ Cooking,,,TRUE,0,,1200,370,
Salted Taimen,BA,697,4,1C3CB9,Dish,EZ Cooking,,,TRUE,0,,88000,16000,
Sandwich,11F,1076,2,1C3D1E,Dish,Cooking,,,TRUE,0,,3900,964,
Sardine Sashimi,93,551,2,1C3C92,Dish,EZ Cooking,,,TRUE,0,,500,88,
Seafood Doria,F8,930,0,1C3CF7,Dish,Pro Cooking,,,TRUE,0,,7400,2450,
Seafood Gratin,FA,937,4,1C3CF9,Dish,Pro Cooking,,,TRUE,0,,8200,2700,
Seafood Pizza,F6,922,4,1C3CF5,Dish,Pro Cooking,,,TRUE,0,,19800,6450,
Shrimp Sashimi,9E,592,4,1C3C9D,Dish,EZ Cooking,,,TRUE,0,,680,125,
Skipjack Sashimi,90,540,0,1C3C8F,Dish,EZ Cooking,,,TRUE,0,,3400,300,
Snapper Sashimi,8C,525,0,1C3C8B,Dish,EZ Cooking,,,TRUE,0,,8000,1980,
Squid Sashimi,99,573,6,1C3C98,Dish,EZ Cooking,,,TRUE,0,,300,29,
Steamed Bread,113,1031,2,1C3D12,Dish,Pro Cooking,,,TRUE,0,,3820,1240,
Steamed Gyoza,118,1050,0,1C3D17,Dish,Pro Cooking,,,TRUE,0,,32000,9000,
Stew,E7,866,2,1C3CE6,Dish,Pro Cooking,,,TRUE,0,,42800,12000,
Strawberry Jam,DB,821,2,1C3CDA,Dish,Pro Cooking,,,TRUE,0,,680,215,
Strawberry Milk,107,986,2,1C3D06,Dish,EZ Cooking,,,TRUE,0,,2980,720,
Sunsquid Sashimi,9A,577,4,1C3C99,Dish,EZ Cooking,,,TRUE,0,,64000,11800,
Sweet Potato,F1,903,6,1C3CF0,Dish,Pro Cooking,,,TRUE,0,,870,240,
Taimen Sashimi,8B,521,2,1C3C8A,Dish,EZ Cooking,,,TRUE,0,,68000,12200,
Tempura,AF,656,2,1C3CAE,Dish,EZ Cooking,,,TRUE,0,,5600,1820,
Tempura Bowl,E5,858,6,1C3CE4,Dish,Pro Cooking,,,TRUE,0,,11500,3500,
Tempura Udon,E2,847,4,1C3CE1,Dish,Pro Cooking,,,TRUE,0,,11000,3500,
Toast,F2,907,4,1C3CF1,Dish,Pro Cooking,,,TRUE,0,,610,170,
Tomato Juice,103,971,2,1C3D02,Dish,EZ Cooking,,,TRUE,0,,3200,1000,
Trout Sashimi,86,502,4,1C3C85,Dish,EZ Cooking,,,TRUE,0,,210,17,
Tuna Sashimi,92,547,4,1C3C91,Dish,EZ Cooking,,,TRUE,0,,48000,9500,
Tuna Teriyaki,C5,738,6,1C3CC4,Dish,EZ Cooking,,,TRUE,0,,61000,11000,
Turbot Sashimi,97,566,2,1C3C96,Dish,EZ Cooking,,,TRUE,0,,1300,150,
Turnip Heaven,12B,1121,2,1C3D2A,Dish,Cooking,,,TRUE,0,,542000,150000,
Udon,E0,840,0,1C3CDF,Dish,Pro Cooking,,,TRUE,0,,450,145,
Ultimate Curry,E9,873,6,1C3CE8,Dish,Pro Cooking,,,TRUE,0,,825000,250000,
Union Stew,ED,888,6,1C3CEC,Dish,Pro Cooking,,,TRUE,0,,70000,15000,
Vegetable Juice,10A,997,4,1C3D09,Dish,EZ Cooking,,,TRUE,0,,8000,2350,
Veggie Smoothie,10B,1001,2,1C3D0A,Dish,EZ Cooking,,,TRUE,0,,15800,5200,
Yam of the Ages,FB,941,2,1C3CFA,Dish,Pro Cooking,,,TRUE,0,,7520,2200,
Yellowtail Sashimi,91,543,6,1C3C90,Dish,EZ Cooking,,,TRUE,0,,27000,6700,
Yogurt,138,1170,0,1C3D37,Dish,Pro Cooking,,,TRUE,0,,3000,800,
10-Fold Steel,3A5,3498,6,1C3FA4,Drop,Leon Karnak,9,Mineral Squeek,TRUE,1,1,50000,1000,
Ancient Orc Cloth,3CB,3641,2,1C3FCA,Drop,Rune Prana F7,10,Death Orc,TRUE,0,,2920,324,
Arrowhead,342,3127,4,1C3F41,Drop,Yokmir Forest,0,Orc Archer,TRUE,0,,60,12,
Big Bird's Comb,3D1,3663,6,1C3FD0,Drop,Cluck Cluck Nest,4,Mamadoodle,TRUE,0,,5200,1200,
Big Giant's Nail,3C2,3607,4,1C3FC1,Drop,Rune Prana F4,10,Master Troll,TRUE,0,,1150,320,
Bird's Feather,35D,3228,6,1C3F5C,Drop,Water Ruins,1,Weagle,TRUE,0,,155,31,
Black Bird Feather,3B2,3547,4,1C3FB1,Drop,Maya Road,6,Blackbird,TRUE,0,,1080,135,
Black Scale,3D3,3671,2,1C3FD2,Drop,Rune Prana F7,10,Black Dragon,TRUE,0,,3280,364,
Blade Shard,3C6,3622,4,1C3FC5,Drop,Water Ruins,1,Goblin,TRUE,0,,145,29,
Blk. Tortoise Shell,3C0,3600,0,1C3FBF,Drop,Floating Empire,8,Fortoise,TRUE,0,,1600,200,
Blue Core,39C,3465,0,1C3F9B,Drop,Sechs Territory,7,Blue,TRUE,1,1,30000,3000,
Blue Giant's Glove,3B9,3573,6,1C3FB8,Drop,Sechs Territory,7,Titan,TRUE,0,,1650,210,
Blue Scale,3D4,3675,0,1C3FD3,Drop,Rune Prana F6,10,Blue Dragon,TRUE,0,,3280,364,
Broken Box,36C,3285,0,1C3F6B,Drop,Anywhere (Rare),5,Gobble Box,TRUE,0,,800,220,
Broken Hilt,36B,3281,2,1C3F6A,Drop,Anywhere (Rare),2,Monster Box,TRUE,0,,540,90,
Bull's Horn,35C,3225,0,1C3F5B,Drop,Delirium Lava Ruins,4,Buffaloo,TRUE,0,,670,95,
Cheap Cloth,33F,3116,2,1C3F3E,Drop,Yokmir Forest,0,Orc,TRUE,0,,55,11,
Cheap Propeller,391,3423,6,1C3F90,Drop,Floating Empire,8,Hover Soldier,TRUE,0,,1320,165,
Crimson Scale,3D6,3682,4,1C3FD5,Drop,Rune Prana F4,10,Red Dragon,TRUE,0,,3280,364,
Dangerous Scissors,3CE,3652,4,1C3FCD,Drop,Rune Prana F5,10,Heaven's Scissors,TRUE,0,,3010,335,
Dark Crystal,371,3303,6,1C3F70,Drop,Obsidian Mansion,2,Spirit,TRUE,0,,1440,240,
Devil Blood,349,3153,6,1C3F48,Drop,Idra Cave,5,Daemon,TRUE,0,,920,116,
Devil Horn,348,3150,0,1C3F47,Drop,Leon Karnak,9,Arch-Daemon,TRUE,0,,2810,312,
Double Steel,3A4,3495,0,1C3FA3,Drop,Leon Karnak,9,Mineral Squeek,TRUE,2,2,5000,100,
Dragon Fang,359,3213,6,1C3F58,Drop,Floating Empire,8,Little Dragon,TRUE,0,,1920,240,
Dragon Scale,3C9,3633,6,1C3FC8,Drop,Rune Prana F1,10,Green Dragon,TRUE,0,,3280,364,
Fairy Dust,36D,3288,6,1C3F6C,Drop,Selphia Plains - West,1,Fairy,TRUE,0,,270,45,
Fairy Elixir,3BD,3588,6,1C3FBC,Drop,Floating Empire,8,Dark Fairy,TRUE,0,,1760,220,
Fire Crystal,368,3270,0,1C3F67,Drop,Delirium Lava Ruins,4,Ignis,TRUE,0,,1600,200,
Fish Fossil,365,3258,6,1C3F64,Drop,Water Ruins,5,Sky Fish,TRUE,0,,165,33,
Fur,35F,3236,2,1C3F5E,Drop,Selphia Plains,0,Chipsqueek,TRUE,0,,120,25,
Ghost Hood,369,3273,6,1C3F68,Drop,Obsidian Mansion,2,Ghost Ray,TRUE,0,,310,52,
Giant's Gloves,34E,3172,4,1C3F4D,Drop,Maya Road,6,Hammer Troll,TRUE,0,,1070,135,
Giant's Nail,34D,3168,6,1C3F4C,Drop,Delirium Lava Ruins,4,Troll,TRUE,0,,690,98,
Glistening Blade,3BC,3585,0,1C3FBB,Drop,Floating Empire,8,Faust,TRUE,0,,1700,212,
Glitter Scale,3D5,3678,6,1C3FD4,Drop,Rune Prana F6,10,Yellow Dragon,TRUE,0,,3280,364,
Glue,344,3135,0,1C3F43,Drop,Yokmir Cave,3,High Orc,TRUE,0,,420,70,
Gold Wolf Fang,3B8,3570,0,1C3FB7,Drop,Sechs Territory,7,Hunter Wolf,TRUE,0,,1280,160,
Golem Spirit Stone,3CA,3637,4,1C3FC9,Drop,Rune Prana F6,10,Guardian,TRUE,0,,2880,320,
Golem Stone,3BF,3596,2,1C3FBE,Drop,Floating Empire,8,Golem,TRUE,0,,1670,208,
Great Hammer Shard,3BE,3592,4,1C3FBD,Drop,Floating Empire,8,Master Giant,TRUE,0,,1740,217,
Green Core,399,3453,6,1C3F98,Drop,Maya Road,6,Green,TRUE,1,1,30000,3000,
Gunpowder,346,3142,4,1C3F45,Drop,Yokmir Cave,3,Orc Hunter,TRUE,0,,430,72,
Hammer Piece,34F,3176,2,1C3F4E,Drop,Idra Cave,5,Minotaur,TRUE,0,,940,118,
Holy Spore,3A0,3480,0,1C3F9F,Drop,Selphia Plains,7,Death Fungus,TRUE,0,,8000,880,
Insect Carapace,350,3180,0,1C3F4F,Drop,Yokmir Forest,0,Ant,TRUE,0,,50,10,
Insect Horn,3B4,3555,0,1C3FB3,Drop,Yokmir Forest,0,Beetle,TRUE,0,,100,21,
Insect Jaw,351,3183,6,1C3F50,Drop,Obsidian Mansion,2,Spider,TRUE,0,,80,16,
Ivory Tusk,3AE,3532,4,1C3FAD,Drop,Sercerezo Hill,4,Elefun,TRUE,0,,880,110,
Light Crystal,370,3300,0,1C3F6F,Drop,Leon Karnak,9,Light Gate,TRUE,0,,3000,1200,
Love Crystal,372,3307,4,1C3F71,Drop,Floating Empire,8,Affection Gate,TRUE,0,,2080,255,
Love Scale,3D7,3686,2,1C3FD6,Drop,Rune Prana F6,10,Pink Dragon,TRUE,0,,3280,364,
Magic,3B7,3566,2,1C3FB6,Drop,Sechs Territory,7,Little Wizard,TRUE,0,,1250,156,
Magic Claw,3BB,3581,2,1C3FBA,Drop,Floating Empire,8,Blood Panther,TRUE,0,,1800,224,
Magic Crystal,34B,3161,2,1C3F4A,Drop,Obsidian Mansion,2,Spirit,TRUE,0,,350,58,
Magic Powder,34A,3157,4,1C3F49,Drop,Idra Cave,5,Little Mage,TRUE,0,,960,120,
Malm Claw,396,3442,4,1C3F95,Drop,Leon Karnak,9,Malm Tiger,TRUE,0,,3240,360,
Mysterious Powder,3B5,3558,6,1C3FB4,Drop,Maya Road (Underground),6,???,TRUE,0,,1110,139,
Old Bandage,345,3138,6,1C3F44,Drop,Water Ruins,1,Goblin Archer,TRUE,0,,140,28,
Palm Claw,395,3438,6,1C3F94,Drop,Autumn Road,4,Palm Cat,TRUE,0,,600,86,
Panther Claw,358,3210,0,1C3F57,Drop,Obsidian Mansion,2,Shadow Panther,TRUE,0,,360,60,
Paralysis Poison,3B1,3543,6,1C3FB0,Drop,Maya Road,6,Hornet Queen,TRUE,0,,1050,131,
Penguin Down,3AD,3528,6,1C3FAC,Drop,Sechs Territory,7,Emperor Penguin,TRUE,0,,1050,150,
Pirate's Armor,3C5,3618,6,1C3FC4,Drop,Rune Prana F3,10,High Ogre Viking,TRUE,0,,2800,311,
Plant Stem,363,3251,2,1C3F62,Drop,Yokmir Cave,3,Leaf Ball,TRUE,0,,390,65,
Poison King,3CD,3648,6,1C3FCC,Drop,Rune Prana F2,10,King Bee,TRUE,0,,2770,308,
Poison Powder,362,3247,4,1C3F61,Drop,Autumn Road,4,Tricky Muck,TRUE,0,,570,82,
Pretty Carapace,354,3195,0,1C3F53,Drop,Yokmir Cave,3,Killer Ant,TRUE,0,,630,90,
Pretty Thread,353,3191,2,1C3F52,Drop,Floating Empire,8,Hell Spider,TRUE,0,,1610,201,
Proof of Rank,3C7,3626,2,1C3FC6,Drop,Leon Karnak,9,Goblin Don,TRUE,0,,2700,300,
Quality Cloth,340,3120,0,1C3F3F,Drop,Delirium Lava Ruins,4,Gangster Goblin,TRUE,0,,720,96,
Quality Fur,35B,3221,2,1C3F5A,Drop,Yokmir Cave,3,Silver Wolf,TRUE,0,,300,51,
Quality Propeller,392,3427,4,1C3F91,Drop,Floating Empire,9,Hover Soldier,TRUE,0,,1900,238,
Quality Puffy Fur,3AB,3521,2,1C3FAA,Drop,Autumn Road,4,Furpy,TRUE,0,,560,80,
Quality Worn Cloth,3C4,3615,0,1C3FC3,Drop,Rune Prana F1,10,Onionger,TRUE,0,,900,215,
Queen's Jaw,3CC,3645,0,1C3FCB,Drop,Rune Prana F4,10,Ant Queen,TRUE,0,,3100,345,
Red Core,39A,3457,4,1C3F99,Drop,Autumn Road,5,Red,TRUE,1,1,30000,3000,
Rigid Horn,355,3198,6,1C3F54,Drop,Maya Road,6,Heracles,TRUE,0,,1040,130,
Root,360,3240,0,1C3F5F,Drop,Sercerezo Hill,4,Flower Blossom,TRUE,0,,840,105,
Rusty Screw,393,3431,2,1C3F92,Drop,Floating Empire - East (Boss),8,Sechs Tank,TRUE,0,,1590,198,
Scorpion Pincer,357,3206,2,1C3F56,Drop,Sechs Territory,7,Death Stalker,TRUE,0,,1230,153,
Scorpion Tail,356,3202,4,1C3F55,Drop,Delirium Lava Ruins,4,Scorpion,TRUE,0,,650,93,
Shiny Screw,394,3435,0,1C3F93,Drop,Floating Empire - East (Boss),8,Sechs Tank,TRUE,0,,150000,2300,
Shoulder Piece,34C,3165,0,1C3F4B,Drop,Sechs Territory,7,Orc Viking,TRUE,0,,1190,149,
Silk Cloth,341,3123,6,1C3F40,Drop,Idra Cave,5,Goblin Sniper,TRUE,0,,1000,126,
Skull,36A,3277,4,1C3F69,Drop,Idra Cave,5,Necro,TRUE,0,,960,120,
Spider's Thread,352,3187,4,1C3F51,Drop,Obsidian Mansion,2,Spider,TRUE,0,,290,48,
Spore,361,3243,6,1C3F60,Drop,Selphia Plains,0,Big Muck,TRUE,0,,110,22,
Stick,3AA,3517,4,1C3FA9,Drop,Yokmir Forest,0,Orc,TRUE,0,,50,9,
Strong Vine,364,3255,0,1C3F63,Drop,Sechs Territory,6,Flower Crystal,TRUE,0,,1060,132,
Thick Stick,3BA,3577,4,1C3FB9,Drop,Floating Empire,8,Gigantes,TRUE,0,,1590,198,
Thunderbird Feather,3C1,3603,6,1C3FC0,Drop,Floating Empire,8,Thunderbird,TRUE,0,,1680,210,
Tiny Golem Stone,3B0,3540,0,1C3FAF,Drop,Idra Cave,5,Little Golem,TRUE,0,,970,121,
Turnip's Miracle,3C8,3630,0,1C3FC7,Drop,Rune Prana F3,10,Turnip Ghost,TRUE,0,,4500,500,
Turtle Shell,367,3266,2,1C3F66,Drop,Water Ruins,1,Tortas,TRUE,0,,150,30,
Unbroken Ivory Tusk,3AF,3536,2,1C3FAE,Drop,Sechs Territory,7,Mammoo,TRUE,0,,1220,151,
Vine,3B3,3551,2,1C3FB2,Drop,Autumn Road,3,Flower Lily,TRUE,0,,590,84,
Warrior's Proof,343,3131,2,1C3F42,Drop,Leon Karnak,9,Captain Goblin,TRUE,0,,2780,300,
Water Crystal,366,3262,4,1C3F65,Drop,Water Ruins,2,Water Gate,TRUE,0,,2400,300,
Wet Scale,3B6,3562,4,1C3FB5,Drop,Sechs Territory,7,Sealy,TRUE,0,,1210,151,
Wind Crystal,35E,3232,4,1C3F5D,Drop,Yokmir Cave,3,Wind Gate,TRUE,0,,2150,260,
Wolf Fang,35A,3217,4,1C3F59,Drop,Yokmir Cave,3,Silver Wolf,TRUE,0,,460,76,
Wooly Furball,36F,3296,2,1C3F6E,Drop,Selphia Plains - East,3,Shmooly,TRUE,0,,960,120,
Yellow Core,39B,3461,2,1C3F9A,Drop,Sercerezo Hill,6,Yellow,TRUE,1,1,30000,3000,
Yellow Down,3AC,3525,0,1C3FAB,Drop,Selphia Plains - West,2,Duck,TRUE,0,,240,40,
Yellow Feather,3C3,3611,2,1C3FC2,Drop,Rune Prana F2,10,Big Duck,TRUE,0,,800,100,
Blowfish,3ED,3768,6,1C3FEC,Fish,Sechs Cave,7,,TRUE,0,,57000,4200,
Boot,3FA,3817,4,1C3FF9,Fish,Selphia,0,,TRUE,0,,8,2,
Can,3F9,3813,6,1C3FF8,Fish,Selphia,0,,TRUE,0,,5,1,
Char,3DD,3708,6,1C3FDC,Fish,Yokmir Forest,0,,TRUE,0,,1800,92,
Cherry Salmon,3F3,3791,2,1C3FF2,Fish,Yokmir Forest,0,,TRUE,0,,350,18,
Chub,3DE,3712,4,1C3FDD,Fish,Yokmir Forest,0,,TRUE,0,,2600,130,
Crucian Carp,3EF,3776,2,1C3FEE,Fish,Yokmir Forest,0,,TRUE,0,,620,35,
Fall Flounder,3F2,3787,4,1C3FF1,Fish,Maya Road,4,,TRUE,0,,27000,2000,
Flounder,3EC,3765,0,1C3FEB,Fish,Yokmir Forest,4,,TRUE,0,,4000,190,
Gibelio,3E2,3727,4,1C3FE1,Fish,Yokmir Forest,0,,TRUE,0,,2000,100,
Girella,3F1,3783,6,1C3FF0,Fish,Yokmir Forest,0,,TRUE,0,,850,45,
Glitter Snapper,3DF,3716,2,1C3FDE,Fish,Autumn Spring,11,,TRUE,0,,120000,8800,
Lamp Squid,3F4,3795,0,1C3FF3,Fish,Summer Spring,0,,TRUE,0,,21000,1800,
Lobster,3F5,3798,6,1C3FF4,Fish,Summer Spring,0,,TRUE,0,,9600,960,
Mackerel,3E4,3735,0,1C3FE3,Fish,Yokmir Forest,0,,TRUE,0,,1000,60,
Masu Trout,3D9,3693,6,1C3FD8,Fish,Spring Spring,5,,TRUE,0,,300,15,
Needlefish,3E5,3738,6,1C3FE4,Fish,Winter Spring,7,,TRUE,0,,500,30,
Pike,3E6,3742,4,1C3FE5,Fish,Summer Spring,0,,TRUE,0,,240,12,
Pond Smelt,3F6,3802,4,1C3FF5,Fish,Winter Spring,7,,TRUE,0,,200,10,
Rainbow Trout,3EB,3761,2,1C3FEA,Fish,Yokmir Forest,0,,TRUE,0,,3000,150,
Rare Can,3FB,3821,2,1C3FFA,Fish,Sechs Cave,7,,TRUE,0,,800,300,
Rockfish,3F8,3810,0,1C3FF7,Fish,Sercerezo Hill,5,,TRUE,0,,10400,1040,
Salmon,3E3,3731,2,1C3FE2,Fish,Autumn River,3,,TRUE,0,,1350,80,
Sand Flounder,3F7,3806,2,1C3FF6,Fish,Sercerezo Hill,5,,TRUE,0,,700,38,
Sardine,3DC,3705,0,1C3FDB,Fish,Yokmir Forest,0,,TRUE,0,,1200,70,
Shrimp,3E8,3750,0,1C3FE7,Fish,Summer Spring,0,,TRUE,0,,1500,85,
Skipjack,3E0,3720,0,1C3FDF,Fish,Yokmir Forest,0,,TRUE,0,,4500,220,
Snapper,3E9,3753,6,1C3FE8,Fish,Autumn Spring,3,,TRUE,0,,14800,1280,
Squid,3DA,3697,4,1C3FD9,Fish,Autumn Spring,3,,TRUE,0,,400,24,
Sunsquid,3E7,3746,2,1C3FE6,Fish,Idra Cave,5,,TRUE,0,,74000,6800,
Taimen,3DB,3701,2,1C3FDA,Fish,Sechs Cave,7,,TRUE,0,,78000,6500,
Throbby Snapper,3EA,3757,4,1C3FE9,Fish,Idra Cave,5,,TRUE,0,,38000,3500,
Tuna,3F0,3780,0,1C3FEF,Fish,Summer Spring,0,,TRUE,0,,61000,5600,
Turbot,3E1,3723,6,1C3FE0,Fish,Yokmir Forest,0,,TRUE,0,,2500,120,
Yellowtail,3EE,3772,4,1C3FED,Fish,Winter Spring,7,,TRUE,0,,45000,3800,
Round Stone,3A6,3502,4,1C3FA5,Fish,Yokmir Forest,11,,TRUE,0,,480,50,
Acutorimass,218,2010,0,1C3E17,Forge,Forge,,,TRUE,1,,0,800,
Aerial Blade,14D,1248,6,1C3D4C,Forge,Forge,,,TRUE,0,,0,5600,
Algernon,1F7,1886,2,1C3DF6,Forge,Forge,,,TRUE,0,,0,28000,
Alldale,1C6,1702,4,1C3DC5,Forge,Forge,,,TRUE,0,,0,22000,
Amethyst Rod,1F0,1860,0,1C3DEF,Forge,Forge,,,TRUE,0,,1880,72,
Animal Puppets,228,2070,0,1C3E27,Forge,Forge,,,TRUE,0,,0,14000,
Aqua Sword,14B,1241,2,1C3D4A,Forge,Forge,,,TRUE,0,,11800,780,
Aquamarine Rod,1F1,1863,6,1C3DF0,Forge,Forge,,,TRUE,0,,2500,190,
Axe,1D3,1751,2,1C3DD2,Forge,Forge,,,TRUE,0,,600,64,
Back Scratcher,160,1320,0,1C3D5F,Forge,Forge,,,TRUE,0,,800,90,
Balmung,184,1455,0,1C3D83,Forge,Forge,,,TRUE,0,,0,21200,
Basilisk Fang,1D6,1762,4,1C3DD5,Forge,Forge,,,TRUE,0,,71500,770,
Basket,1E4,1815,0,1C3DE3,Forge,Forge,,,TRUE,0,,500,80,
Bat,1C1,1683,6,1C3DC0,Forge,Forge,,,TRUE,0,,4620,120,
Battle Axe,1C4,1695,0,1C3DC3,Forge,Forge,,,TRUE,0,,1380,42,
Battle Hammer,1AD,1608,6,1C3DAC,Forge,Forge,,,TRUE,0,,340,42,
Battle Scythe,1D5,1758,6,1C3DD4,Forge,Forge,,,TRUE,0,,6590,140,
Bazal Katar,22D,2088,6,1C3E2C,Forge,Forge,,,TRUE,0,,0,60000,
Bear Claws,21E,2032,4,1C3E1D,Forge,Forge,,,TRUE,0,,35700,580,
Beginner's Pole,249,2193,6,1C3E48,Forge,Forge,,,TRUE,0,,5000,170,
Belvarose,19E,1552,4,1C3D9D,Forge,Forge,,,TRUE,0,,0,15000,
Belzebuth,188,1470,0,1C3D87,Forge,Forge,,,TRUE,0,,0,4450,
Big Knife,182,1447,4,1C3D81,Forge,Forge,,,TRUE,0,,78600,800,
Bio Smasher,178,1410,0,1C3D77,Forge,Forge,,,TRUE,0,,105000,2700,
Bjor,19F,1556,2,1C3D9E,Forge,Forge,,,TRUE,0,,0,24000,
Blessed Hoe,233,2111,2,1C3E32,Forge,Forge,,,TRUE,0,,0,2500,
Blood Lance,191,1503,6,1C3D90,Forge,Forge,,,TRUE,0,,186700,3500,
Blue-Eyed Blade,172,1387,4,1C3D71,Forge,Forge,,,TRUE,0,,0,14800,
Bone Hammer,1B8,1650,0,1C3DB7,Forge,Forge,,,TRUE,0,,78800,820,
Brass Knuckles,21C,2025,0,1C3E1B,Forge,Forge,,,TRUE,0,,4660,130,
Braveheart,187,1466,2,1C3D86,Forge,Forge,,,TRUE,0,,0,36020,
Brionac,19C,1545,0,1C3D9B,Forge,Forge,,,TRUE,0,,0,7300,
Broadsword,148,1230,0,1C3D47,Forge,Forge,,,TRUE,0,,90,23,
Broken Wall,20D,1968,6,1C3E0C,Forge,Forge,,,TRUE,0,,999999,6400,
Bubble Staff,1E8,1830,0,1C3DE7,Forge,Forge,,,TRUE,0,,0,10500,
Burning Sword,14E,1252,4,1C3D4D,Forge,Forge,,,TRUE,0,,35500,800,
Caestus,22C,2085,0,1C3E2B,Forge,Forge,,,TRUE,0,,0,12500,
Caliburn,18A,1477,4,1C3D89,Forge,Forge,,,TRUE,0,,0,150000,
Cat Punch,226,2062,4,1C3E25,Forge,Forge,,,TRUE,0,,0,7500,
Chaos Blade,15B,1301,2,1C3D5A,Forge,Forge,,,TRUE,0,,125105,3500,
Chaos Edge,20F,1976,2,1C3E0E,Forge,Forge,,,TRUE,0,,186550,5400,
Cheap Axe,243,2171,2,1C3E42,Forge,Forge,,,TRUE,0,,1500,34,
Cheap Hammer,23E,2152,4,1C3E3D,Forge,Forge,,,TRUE,0,,1500,13,
Cheap Hoe,22F,2096,2,1C3E2E,Forge,Forge,,,TRUE,0,,150,24,
Cheap Pole,248,2190,0,1C3E47,Forge,Forge,,,TRUE,0,,1500,44,
Cheap Sickle,239,2133,6,1C3E38,Forge,Forge,,,TRUE,0,,300,38,
Cheap Waterpot,234,2115,0,1C3E33,Forge,Forge,,,TRUE,0,,150,37,
Chopping Axe,244,2175,0,1C3E43,Forge,Forge,,,TRUE,0,,5000,130,
Claymore,16A,1357,4,1C3D69,Forge,Forge,,,TRUE,0,,160,23,
Corsesca,194,1515,0,1C3D93,Forge,Forge,,,TRUE,0,,58800,750,
Corsesca+,1A2,1567,4,1C3DA1,Forge,Forge,,,TRUE,0,,60400,1050,
Crescent Axe,1C9,1713,6,1C3DC8,Forge,Forge,,,TRUE,0,,449000,3400,
Crescent Axe+,1D2,1747,4,1C3DD1,Forge,Forge,,,TRUE,0,,640000,4800,
Crimson Staff,1E7,1826,2,1C3DE6,Forge,Forge,,,TRUE,0,,999999,6500,
Crystal Hammer,1B9,1653,6,1C3DB8,Forge,Forge,,,TRUE,0,,0,11000,
Cutlass,15F,1316,2,1C3D5E,Forge,Forge,,,TRUE,0,,6380,138,
Cyclone Blade,16D,1368,6,1C3D6C,Forge,Forge,,,TRUE,0,,24000,1000,
Cyclone Rod,1EB,1841,2,1C3DEA,Forge,Forge,,,TRUE,0,,0,7800,
Daicone,189,1473,6,1C3D88,Forge,Forge,,,TRUE,0,,4800,450,
Dancing Dicer,16E,1372,4,1C3D6D,Forge,Forge,,,TRUE,0,,157200,4400,
Dark Invitation,208,1950,0,1C3E07,Forge,Forge,,,TRUE,0,,0,11200,
Deep Blizzard,207,1946,2,1C3E06,Forge,Forge,,,TRUE,0,,0,8000,
Defender,14C,1245,0,1C3D4B,Forge,Forge,,,TRUE,0,,26800,640,
Dekash,186,1462,4,1C3D85,Forge,Forge,,,TRUE,0,,26000,7200,
Demon Axe,1C8,1710,0,1C3DC7,Forge,Forge,,,TRUE,0,,96666,1100,
Desert Wind,20C,1965,0,1C3E0B,Forge,Forge,,,TRUE,0,,419800,4000,
Devil Finger,1D7,1766,2,1C3DD6,Forge,Forge,,,TRUE,0,,0,13333,
Diamond Rod,1F2,1867,4,1C3DF1,Forge,Forge,,,TRUE,0,,84800,800,
Double Edge,1CF,1736,2,1C3DCE,Forge,Forge,,,TRUE,0,,0,7500,
Double Scratch,214,1995,0,1C3E13,Forge,Forge,,,TRUE,0,,0,200,
Dragon Claws,227,2066,2,1C3E26,Forge,Forge,,,TRUE,0,,126000,2350,
Dragon Slayer,156,1282,4,1C3D55,Forge,Forge,,,TRUE,0,,0,23000,
Dragon's Fang,1A5,1578,6,1C3DA4,Forge,Forge,,,TRUE,0,,0,40000,
Dragoon Claw,20A,1957,4,1C3E09,Forge,Forge,,,TRUE,0,,0,22000,
Durendal,161,1323,6,1C3D60,Forge,Forge,,,TRUE,0,,999999,4800,
Earnest Edge,216,2002,4,1C3E15,Forge,Forge,,,TRUE,0,,0,50000,
Earth Shade,177,1406,2,1C3D76,Forge,Forge,,,TRUE,0,,62050,1400,
Earth Staff,1DE,1792,4,1C3DDD,Forge,Forge,,,TRUE,0,,40000,310,
Efreet,206,1942,4,1C3E05,Forge,Forge,,,TRUE,0,,0,9800,
Elvish Harp,1FA,1897,4,1C3DF9,Forge,Forge,,,TRUE,0,,0,45,
Emerald Edge,212,1987,4,1C3E11,Forge,Forge,,,TRUE,0,,0,18000,
Emerald Rod,1EE,1852,4,1C3DED,Forge,Forge,,,TRUE,0,,9000,470,
Executioner,1CA,1717,4,1C3DC9,Forge,Forge,,,TRUE,0,,0,38000,
Famous Pole,24B,2201,2,1C3E4A,Forge,Forge,,,TRUE,0,,0,650,
Fatal Crush,1BE,1672,4,1C3DBD,Forge,Forge,,,TRUE,0,,0,50000,
Feather Lance,19D,1548,6,1C3D9C,Forge,Forge,,,TRUE,0,,124710,2900,
Fenrir,22E,2092,4,1C3E2D,Forge,Forge,,,TRUE,0,,0,100000,
Fists of Dark,224,2055,0,1C3E23,Forge,Forge,,,TRUE,0,,429500,1580,
Fists of Fire,21F,2036,2,1C3E1E,Forge,Forge,,,TRUE,0,,86000,1030,
Fists of Light,223,2051,2,1C3E22,Forge,Forge,,,TRUE,0,,0,9000,
Fists of the Earth,222,2047,4,1C3E21,Forge,Forge,,,TRUE,0,,64000,1020,
Fists of Water,220,2040,0,1C3E1F,Forge,Forge,,,TRUE,0,,98000,2300,
Fists of Wind,221,2043,6,1C3E20,Forge,Forge,,,TRUE,0,,999999,2000,
Fivestaff,1AC,1605,0,1C3DAB,Forge,Forge,,,TRUE,0,,82800,1150,
Flamberge,175,1398,6,1C3D74,Forge,Forge,,,TRUE,0,,187900,5800,
Flamberge+,180,1440,0,1C3D7F,Forge,Forge,,,TRUE,0,,439500,7300,
Flame Hammer,1B4,1635,0,1C3DB3,Forge,Forge,,,TRUE,0,,100000,1550,
Flame Saber,16C,1365,0,1C3D6B,Forge,Forge,,,TRUE,0,,89800,1200,
Flare Lance,196,1522,4,1C3D95,Forge,Forge,,,TRUE,0,,999999,4900,
Flare Staff,1DB,1781,2,1C3DDA,Forge,Forge,,,TRUE,0,,18000,250,
Force Divide,209,1953,6,1C3E08,Forge,Forge,,,TRUE,0,,0,12200,
Force Element,17E,1432,4,1C3D7D,Forge,Forge,,,TRUE,0,,0,47200,
Friendly Rod,1F3,1871,2,1C3DF2,Forge,Forge,,,TRUE,0,,4800,300,
Frost Axe,1CC,1725,0,1C3DCB,Forge,Forge,,,TRUE,0,,198200,4600,
Frost Edge,1FF,1916,2,1C3DFE,Forge,Forge,,,TRUE,0,,9990,438,
Gae Bolg,1A6,1582,4,1C3DA5,Forge,Forge,,,TRUE,0,,0,42000,
Gaia Rod,1E9,1833,6,1C3DE8,Forge,Forge,,,TRUE,0,,0,6200,
Gaia Sword,159,1293,6,1C3D58,Forge,Forge,,,TRUE,0,,59200,1000,
Gigant Hammer,1B1,1623,6,1C3DB0,Forge,Forge,,,TRUE,0,,134980,2800,
Gigant Hammer+,1BB,1661,2,1C3DBA,Forge,Forge,,,TRUE,0,,0,22000,
Gladius,162,1327,4,1C3D61,Forge,Forge,,,TRUE,0,,0,58000,
Gloves,225,2058,6,1C3E24,Forge,Forge,,,TRUE,0,,21500,380,
Golden Hammer,241,2163,6,1C3E40,Forge,Forge,,,TRUE,0,,0,600,
Golden Turnip Staff,1F8,1890,0,1C3DF7,Forge,Forge,,,TRUE,0,,0,24000,
Golem Punch,22A,2077,4,1C3E29,Forge,Forge,,,TRUE,0,,0,18000,
Gorgeous Lx,217,2006,2,1C3E16,Forge,Forge,,,TRUE,0,,50000,6200,
Gorgeous Sword,163,1331,2,1C3D62,Forge,Forge,,,TRUE,0,,100000,2400,
Grand Smasher,171,1383,6,1C3D70,Forge,Forge,,,TRUE,0,,0,3480,
Grantale,15A,1297,4,1C3D59,Forge,Forge,,,TRUE,0,,0,5400,
Graviton Hammer,1B7,1646,2,1C3DB6,Forge,Forge,,,TRUE,0,,840000,3800,
Great Axe,1C7,1706,2,1C3DC6,Forge,Forge,,,TRUE,0,,30900,610,
Great Hammer,1AF,1616,2,1C3DAE,Forge,Forge,,,TRUE,0,,22400,400,
Great Sword,16F,1376,2,1C3D6E,Forge,Forge,,,TRUE,0,,9700,200,
Gungnir,1A0,1560,0,1C3D9F,Forge,Forge,,,TRUE,0,,0,72000,
Halberd,18F,1496,2,1C3D8E,Forge,Forge,,,TRUE,0,,35000,600,
Hammer,1BC,1665,0,1C3DBB,Forge,Forge,,,TRUE,0,,580,38,
Hand of God,22B,2081,2,1C3E2A,Forge,Forge,,,TRUE,0,,0,40000,
Heart Fire,20B,1961,2,1C3E0A,Forge,Forge,,,TRUE,0,,0,5500,
Heat Axe,1CB,1721,2,1C3DCA,Forge,Forge,,,TRUE,0,,0,7500,
Heaven Asunder,170,1380,0,1C3D6F,Forge,Forge,,,TRUE,0,,0,58000,
Heavy Lance,197,1526,2,1C3D96,Forge,Forge,,,TRUE,0,,96800,2400,
Hell Branch,1E6,1822,4,1C3DE5,Forge,Forge,,,TRUE,0,,409100,1220,
Hell Curse,1F6,1882,4,1C3DF5,Forge,Forge,,,TRUE,0,,0,50000,
Ice Hammer,1B5,1638,6,1C3DB4,Forge,Forge,,,TRUE,0,,36450,780,
Ice Staff,1DC,1785,0,1C3DDB,Forge,Forge,,,TRUE,0,,70000,380,
Iceberg,198,1530,0,1C3D97,Forge,Forge,,,TRUE,0,,155480,4400,
Icifier,153,1271,2,1C3D52,Forge,Forge,,,TRUE,0,,0,8500,
Invisiblade,168,1350,0,1C3D67,Forge,Forge,,,TRUE,0,,18320,800,
Iron Bat,1C2,1687,4,1C3DC1,Forge,Forge,,,TRUE,0,,17200,530,
Iron Edge,211,1983,6,1C3E10,Forge,Forge,,,TRUE,0,,16700,440,
Iron Hammer,23F,2156,2,1C3E3E,Forge,Forge,,,TRUE,0,,5000,138,
Iron Sickle,23A,2137,4,1C3E39,Forge,Forge,,,TRUE,0,,3000,140,
Ironleaf Fists,229,2073,6,1C3E28,Forge,Forge,,,TRUE,0,,0,11000,
Joy Waterpot,238,2130,0,1C3E37,Forge,Forge,,,TRUE,0,,0,2500,
Katana,183,1451,2,1C3D82,Forge,Forge,,,TRUE,0,,87600,980,
Katzbalger,181,1443,6,1C3D80,Forge,Forge,,,TRUE,0,,50080,1100,
Kongo,1C0,1680,0,1C3DBF,Forge,Forge,,,TRUE,0,,0,25800,
Kote,21D,2028,6,1C3E1C,Forge,Forge,,,TRUE,0,,10150,139,
Lance,18D,1488,6,1C3D8C,Forge,Forge,,,TRUE,0,,1700,34,
Lance+,1A1,1563,6,1C3DA0,Forge,Forge,,,TRUE,0,,4580,160,
Leather Gloves,21B,2021,2,1C3E1A,Forge,Forge,,,TRUE,0,,290,13,
Legendary Sickle,23D,2148,6,1C3E3C,Forge,Forge,,,TRUE,0,,0,2500,
Legion,1A9,1593,6,1C3DA8,Forge,Forge,,,TRUE,0,,0,105000,
Lightning Wand,1DD,1788,6,1C3DDC,Forge,Forge,,,TRUE,0,,65500,330,
Lion Waterpot,236,2122,4,1C3E35,Forge,Forge,,,TRUE,1,1,25000,400,
Lollipop,1D4,1755,0,1C3DD3,Forge,Forge,,,TRUE,0,,5200,550,
Love-Love Rod,1F4,1875,0,1C3DF3,Forge,Forge,,,TRUE,0,,5200,1300,
Luck Blade,150,1260,0,1C3D4F,Forge,Forge,,,TRUE,0,,77777,950,
Lumber Axe,245,2178,6,1C3E44,Forge,Forge,,,TRUE,1,1,30000,400,
Mage's Staff,1E0,1800,0,1C3DDF,Forge,Forge,,,TRUE,0,,120000,1850,
Mage's Staff+,1E2,1807,4,1C3DE1,Forge,Forge,,,TRUE,0,,0,11500,
Magic Broom,1E3,1811,2,1C3DE2,Forge,Forge,,,TRUE,0,,0,27000,
Magic Shot,1E5,1818,6,1C3DE4,Forge,Forge,,,TRUE,0,,0,48000,
Magical Lance,1A7,1586,2,1C3DA6,Forge,Forge,,,TRUE,0,,428888,2500,
Metus,199,1533,6,1C3D98,Forge,Forge,,,TRUE,0,,0,8888,
Miracle Axe,247,2186,2,1C3E46,Forge,Forge,,,TRUE,0,,0,2500,
Mjolnir,1B2,1627,4,1C3DB1,Forge,Forge,,,TRUE,0,,0,68000,
Monk Staff,19A,1537,4,1C3D99,Forge,Forge,,,TRUE,0,,0,6500,
Moon Shadow,17D,1428,6,1C3D7C,Forge,Forge,,,TRUE,0,,0,9500,
Mountain Axe,246,2182,4,1C3E45,Forge,Forge,,,TRUE,0,,0,600,
Needle Spear,18E,1492,4,1C3D8D,Forge,Forge,,,TRUE,0,,9600,225,
Orcus Sword,20E,1972,4,1C3E0D,Forge,Forge,,,TRUE,0,,0,7100,
Orochi,18B,1481,2,1C3D8A,Forge,Forge,,,TRUE,0,,0,4500,
Overbreak,19B,1541,2,1C3D9A,Forge,Forge,,,TRUE,0,,0,10000,
Pine Club,1AB,1601,2,1C3DAA,Forge,Forge,,,TRUE,0,,29800,2000,
Pitchfork,1A4,1575,0,1C3DA3,Forge,Forge,,,TRUE,0,,1500,200,
Platinum Edge,205,1938,6,1C3E04,Forge,Forge,,,TRUE,0,,104400,4200,
Platinum Hammer,242,2167,4,1C3E41,Forge,Forge,,,TRUE,0,,0,2500,
Platinum Sword,151,1263,6,1C3D50,Forge,Forge,,,TRUE,0,,95730,2100,
Platinum Sword+,15E,1312,4,1C3D5D,Forge,Forge,,,TRUE,0,,0,8700,
Poison Blade,173,1391,2,1C3D72,Forge,Forge,,,TRUE,0,,32300,1050,
Poison Queen,1AA,1597,4,1C3DA9,Forge,Forge,,,TRUE,0,,0,9980,
Poison Spear,193,1511,2,1C3D92,Forge,Forge,,,TRUE,0,,75200,900,
Pole Axe,1C5,1698,6,1C3DC4,Forge,Forge,,,TRUE,0,,11800,220,
Pole Axe+,1D1,1743,6,1C3DD0,Forge,Forge,,,TRUE,0,,18900,650,
Priest Saber,215,1998,6,1C3E14,Forge,Forge,,,TRUE,0,,0,9000,
Psycho,185,1458,6,1C3D84,Forge,Forge,,,TRUE,0,,999999,2469,
Punisher,179,1413,6,1C3D78,Forge,Forge,,,TRUE,0,,0,5400,
Quality Sickle,23B,2141,2,1C3E3A,Forge,Forge,,,TRUE,1,1,25000,400,
Rainbow Waterpot,237,2126,2,1C3E36,Forge,Forge,,,TRUE,0,,0,600,
Rampage,204,1935,0,1C3E03,Forge,Forge,,,TRUE,0,,91400,1700,
Raventine,152,1267,4,1C3D51,Forge,Forge,,,TRUE,0,,0,12500,
Rock Axe,1CE,1732,4,1C3DCD,Forge,Forge,,,TRUE,0,,80200,1450,
Rod,1D8,1770,0,1C3DD7,Forge,Forge,,,TRUE,0,,1300,12,
Ruby Rod,1ED,1848,6,1C3DEC,Forge,Forge,,,TRUE,0,,22500,550,
Rune Blade,15C,1305,0,1C3D5B,Forge,Forge,,,TRUE,0,,0,50000,
Rune Edge,210,1980,0,1C3E0F,Forge,Forge,,,TRUE,0,,0,44000,
Rune Legend,165,1338,6,1C3D64,Forge,Forge,,,TRUE,0,,0,120000,
Rune Staff,1E1,1803,6,1C3DE0,Forge,Forge,,,TRUE,0,,0,24000,
Sacred Pole,24C,2205,0,1C3E4B,Forge,Forge,,,TRUE,0,,0,2500,
Safety Lance,1A8,1590,0,1C3DA7,Forge,Forge,,,TRUE,0,,600,80,
Saint Axe,1D0,1740,0,1C3DCF,Forge,Forge,,,TRUE,0,,0,99800,
Sakura,14F,1256,2,1C3D4E,Forge,Forge,,,TRUE,0,,155400,2320,
Salamander,202,1927,4,1C3E01,Forge,Forge,,,TRUE,0,,96700,2000,
Sapphire Rod,1EF,1856,2,1C3DEE,Forge,Forge,,,TRUE,0,,35000,650,
Schnabel,1B0,1620,0,1C3DAF,Forge,Forge,,,TRUE,0,,0,11800,
Scrap Metal+,3A9,3513,6,1C3FA8,Forge,Selphia,0,,TRUE,1,1,100,2,
Sea Cutter,17A,1417,4,1C3D79,Forge,Forge,,,TRUE,0,,14600,550,
Seasoned Hoe,231,2103,6,1C3E30,Forge,Forge,,,TRUE,1,1,25000,400,
Shine Blade,176,1402,4,1C3D75,Forge,Forge,,,TRUE,0,,0,8000,
Shiny Hoe,232,2107,4,1C3E31,Forge,Forge,,,TRUE,0,,0,600,
Shooting Star Staff,1EA,1837,4,1C3DE9,Forge,Forge,,,TRUE,0,,165000,550,
Short Dagger,1FC,1905,0,1C3DFB,Forge,Forge,,,TRUE,0,,1310,45,
Silent Grave,195,1518,6,1C3D94,Forge,Forge,,,TRUE,0,,0,9800,
Silver Hammer,240,2160,0,1C3E3F,Forge,Forge,,,TRUE,1,1,30000,400,
Silver Staff,1DA,1777,4,1C3DD9,Forge,Forge,,,TRUE,0,,13000,390,
Skilled Pole,24A,2197,4,1C3E49,Forge,Forge,,,TRUE,1,1,25000,440,
Sky Hammer,1B6,1642,4,1C3DB5,Forge,Forge,,,TRUE,0,,156100,2900,
Smash Blade,155,1278,6,1C3D54,Forge,Forge,,,TRUE,0,,0,7000,
Snakesword,166,1342,4,1C3D65,Forge,Forge,,,TRUE,0,,75400,780,
Snow Crown,17C,1425,0,1C3D7B,Forge,Forge,,,TRUE,0,,130500,3000,
Sonic Dagger,201,1923,6,1C3E00,Forge,Forge,,,TRUE,0,,145700,4800,
Sorcerer's Wand,1F5,1878,6,1C3DF4,Forge,Forge,,,TRUE,0,,0,98000,
Soul Eater,154,1275,0,1C3D53,Forge,Forge,,,TRUE,0,,0,11000,
Spear,18C,1485,0,1C3D8B,Forge,Forge,,,TRUE,0,,200,23,
Spiked Hammer,1B3,1631,2,1C3DB2,Forge,Forge,,,TRUE,0,,999999,6100,
Splash Star,1C3,1691,2,1C3DC2,Forge,Forge,,,TRUE,0,,0,120000,
Spoon,164,1335,0,1C3D63,Forge,Forge,,,TRUE,0,,7800,750,
Staff,1D9,1773,6,1C3DD8,Forge,Forge,,,TRUE,0,,6280,80,
Star Saber,158,1290,0,1C3D57,Forge,Forge,,,TRUE,0,,0,9500,
Steel Edge,1FD,1908,6,1C3DFC,Forge,Forge,,,TRUE,0,,6500,167,
Steel Katana,200,1920,0,1C3DFF,Forge,Forge,,,TRUE,0,,71040,1300,
Steel Slicer,174,1395,0,1C3D73,Forge,Forge,,,TRUE,0,,0,12000,
Steel Sword,149,1233,6,1C3D48,Forge,Forge,,,TRUE,0,,1210,42,
Steel Sword+,15D,1308,6,1C3D5C,Forge,Forge,,,TRUE,0,,3320,70,
Storm Wand,1EC,1845,0,1C3DEB,Forge,Forge,,,TRUE,0,,0,12000,
Strong Stone,1BF,1676,2,1C3DBE,Forge,Forge,,,TRUE,0,,92080,990,
Sturdy Hoe,230,2100,0,1C3E2F,Forge,Forge,,,TRUE,0,,3000,120,
Sunspot,157,1286,2,1C3D56,Forge,Forge,,,TRUE,0,,308900,3600,
Super Sickle,23C,2145,0,1C3E3B,Forge,Forge,,,TRUE,0,,0,600,
Sweet Potato Staff,1F9,1893,6,1C3DF8,Forge,Forge,,,TRUE,0,,0,300,
Syringe,1FB,1901,2,1C3DFA,Forge,Forge,,,TRUE,0,,0,444,
Thief Knife,213,1991,2,1C3E12,Forge,Forge,,,TRUE,0,,23900,780,
Tin Waterpot,235,2118,6,1C3E34,Forge,Forge,,,TRUE,0,,3000,135,
Tomahawk,1CD,1728,6,1C3DCC,Forge,Forge,,,TRUE,0,,49700,1020,
Toy Hammer,1BD,1668,6,1C3DBC,Forge,Forge,,,TRUE,0,,230,24,
Trident,1A3,1571,2,1C3DA2,Forge,Forge,,,TRUE,0,,18800,400,
Twin Blade,203,1931,2,1C3E02,Forge,Forge,,,TRUE,0,,88000,1650,
Twin Justice,21A,2017,4,1C3E19,Forge,Forge,,,TRUE,0,,0,115000,
Twin Leeks,219,2013,6,1C3E18,Forge,Forge,,,TRUE,0,,30939,3939,
Veggieblade,167,1346,2,1C3D66,Forge,Forge,,,TRUE,0,,6250,500,
Volcanon,17B,1421,2,1C3D7A,Forge,Forge,,,TRUE,0,,720000,2400,
War Hammer,1AE,1612,4,1C3DAD,Forge,Forge,,,TRUE,0,,6120,135,
War Hammer+,1BA,1657,4,1C3DB9,Forge,Forge,,,TRUE,0,,9020,245,
Water Spear,190,1500,0,1C3D8F,Forge,Forge,,,TRUE,0,,24250,585,
Wind Edge,1FE,1912,4,1C3DFD,Forge,Forge,,,TRUE,0,,43800,1000,
Wind Sword,14A,1237,4,1C3D49,Forge,Forge,,,TRUE,0,,104475,2400,
Wizard's Staff,1DF,1796,2,1C3DDE,Forge,Forge,,,TRUE,0,,90000,200,
Wood Staff,192,1507,4,1C3D91,Forge,Forge,,,TRUE,0,,1220,12,
Zweihaender,16B,1361,2,1C3D6A,Forge,Forge,,,TRUE,0,,1675,41,
Zweihaender+,17F,1436,2,1C3D7E,Forge,Forge,,,TRUE,0,,4450,160,
Apple,3C,225,0,1C3C3B,Fruit,Selphia Plains - West,2,,TRUE,0,,850,150,
Grapes,3B,221,2,1C3C3A,Fruit,Selphia Plains - West,2,,TRUE,0,,650,120,
Mealy Apple,3E,232,4,1C3C3D,Fruit,Sercerezo Hill,10,Typhoon,TRUE,0,,9000,3000,
Orange,3D,228,6,1C3C3C,Fruit,Selphia Plains - West,2,,TRUE,0,,500,80,
Gldn. Doom Pumpkin,2B,161,2,1C3C2A,Gold Crop,Selphia,10,,TRUE,0,,80000,18000,
Gold Prince Potato,2D,168,6,1C3C2C,Gold Crop,Water Ruins,10,,TRUE,0,,100000,27000,
Golden Cabbage,28,150,0,1C3C27,Gold Crop,Sercerezo Hill,10,,TRUE,0,,50000,11500,
Golden King Cabbage,29,153,6,1C3C28,Gold Crop,Sercerezo Hill,10,,TRUE,0,,200000,52000,
Golden Potato,2C,165,0,1C3C2B,Gold Crop,Water Ruins,10,,TRUE,0,,30000,6000,
Golden Pumpkin,2A,157,4,1C3C29,Gold Crop,Selphia,10,,TRUE,0,,20000,4000,
Golden Turnip,2E,172,4,1C3C2D,Gold Crop,Floating Empire,10,,TRUE,0,,100000,20000,
Golden Tyrant Turnip,2F,176,2,1C3C2E,Gold Crop,Floating Empire,10,,TRUE,0,,500000,90000,
Antidote Grass,48,270,0,1C3C47,Grass,Selphia,0,,TRUE,0,,150,6,
Ayngondaia Lawn,6E,412,4,1C3C6D,Grass,Revival Cave,2,,TRUE,0,,0,33,
Black Grass,49,273,6,1C3C48,Grass,Obsidian Mansion,2,,TRUE,0,,120,5,
Blue Grass,4D,288,6,1C3C4C,Grass,Yokmir Forest,0,,TRUE,0,,120,5,
Fodder,32D,3048,6,1C3F2C,Grass,Selphia,0,,TRUE,0,,240,60,
Green Grass,4E,292,4,1C3C4D,Grass,Selphia Plains,0,,TRUE,0,,120,5,
Indigo Grass,50,300,0,1C3C4F,Grass,Yokmir Cave,3,,TRUE,0,,120,5,
Medicinal Herb,47,266,2,1C3C46,Grass,Selphia,0,,TRUE,0,,80,8,
Orange Grass,4A,277,4,1C3C49,Grass,Sercerezo Hill,5,,TRUE,0,,120,5,
Purple Grass,4F,296,2,1C3C4E,Grass,Selphia Plains,0,,TRUE,0,,120,5,
Red Grass,4B,281,2,1C3C4A,Grass,Delirium Lava Ruins,3,,TRUE,0,,120,5,
Weeds,52,307,4,1C3C51,Grass,Selphia,0,,TRUE,0,,30,1,
White Grass,51,303,6,1C3C50,Grass,Sechs Territory,7,,TRUE,0,,120,5,
Withered Grass,53,311,2,1C3C52,Grass,Selphia,0,,TRUE,0,,100,1,
Yellow Grass,4C,285,0,1C3C4B,Grass,Autumn Road,3,,TRUE,0,,120,5,
Chocolate,12D,1128,6,1C3D2C,Grocery,Selphia,0,,TRUE,0,,400,150,
Curry Powder,13C,1185,0,1C3D3B,Grocery,Selphia,0,,TRUE,0,,300,70,
Elli Leaves,12F,1136,2,1C3D2E,Grocery,Selphia,8,,TRUE,0,,3500,250,
Flour,13A,1177,4,1C3D39,Grocery,Selphia,0,,TRUE,0,,320,125,
Heavy Spice,7B,461,2,1C3C7A,Grocery,Selphia,0,,TRUE,0,,480,180,
Mixed Herbs,7E,472,4,1C3C7D,Grocery,Selphia,0,,TRUE,0,,750,280,
Oil,13B,1181,2,1C3D3A,Grocery,Selphia,0,,TRUE,0,,650,250,
Rice,12C,1125,0,1C3D2B,Grocery,Selphia,0,,TRUE,0,,200,30,
Rice Flour,13D,1188,6,1C3D3C,Grocery,Selphia,0,,TRUE,0,,100,40,
Sour Drop,7D,468,6,1C3C7C,Grocery,Selphia,0,,TRUE,0,,250,90,
Sweet Powder,7C,465,0,1C3C7B,Grocery,Selphia,0,,TRUE,0,,450,170,
Wine,12E,1132,4,1C3D2D,Grocery,Selphia,0,,TRUE,0,,2000,800,
Egg (L),135,1158,6,1C3D34,Ingredient,Floating Empire,10,Cluckadoodle,TRUE,0,,1800,480,
Egg (M),134,1155,0,1C3D33,Ingredient,Idra Cave,5,Cluckadoodle,TRUE,0,,1500,380,
Egg (S),133,1151,2,1C3D32,Ingredient,Selphia Plains,0,Cluckadoodle,TRUE,0,,1200,280,
Honey,139,1173,6,1C3D38,Ingredient,Yokmir Cave,0,Hornet,TRUE,0,,1800,680,
Milk (L),132,1147,4,1C3D31,Ingredient,Floating Empire,10,Buffamoo,TRUE,0,,2800,500,
Milk (M),131,1143,6,1C3D30,Ingredient,Idra Cave,5,Buffamoo,TRUE,0,,2000,380,
Milk (S),130,1140,0,1C3D2F,Ingredient,Selphia Plains,0,Buffamoo,TRUE,0,,1600,260,
Big Autumn Grass,67,386,2,1C3C66,Large Crop,Selphia,8,,TRUE,0,,30000,9000,
Big Blue Crystal,59,333,6,1C3C58,Large Crop,Sercerezo Hill,6,,TRUE,1,1,200000,67500,
Big Fireflower,61,363,6,1C3C60,Large Crop,Selphia,9,,TRUE,0,,50000,14000,
Big Green Crystal,63,371,2,1C3C62,Large Crop,Sercerezo Hill,6,,TRUE,1,1,240000,76500,
Big Red Crystal,6B,401,2,1C3C6A,Large Crop,Sercerezo Hill,6,,TRUE,1,1,280000,90000,
Big White Crystal,6D,408,6,1C3C6C,Large Crop,Sercerezo Hill,6,,TRUE,1,1,400000,101500,
Boss Bok Choy,24,135,0,1C3C23,Large Crop,Selphia,7,,TRUE,0,,6200,2250,
Colossal Pink,4,15,0,1C3C03,Large Crop,Selphia,2,,TRUE,0,,3200,1000,
Conqueror Melon,6,22,4,1C3C05,Large Crop,Selphia,9,,TRUE,0,,25000,4250,
Doom Pumpkin,A,37,4,1C3C09,Large Crop,Selphia,5,,TRUE,0,,1560,550,
Emperor Eggplant,12,67,4,1C3C11,Large Crop,Selphia,8,,TRUE,0,,3500,1000,
Giant Hot-Hot Fruit,26,142,4,1C3C25,Large Crop,Selphia,8,,TRUE,0,,16000,4500,
Gigant Corn,E,52,4,1C3C0D,Large Crop,Selphia,4,,TRUE,0,,20000,7500,
Great 4-Leaf Clover,5F,356,2,1C3C5E,Large Crop,Selphia,6,,TRUE,0,,20000,5000,
Great Charm Blue,46,262,4,1C3C45,Large Crop,Selphia,2,,TRUE,0,,4000,1200,
Great Emery Flower,5B,341,2,1C3C5A,Large Crop,Selphia,10,,TRUE,0,,1000000,250000,
Green Pepper Rex,1A,97,4,1C3C19,Large Crop,Selphia,6,,TRUE,0,,2300,800,
Kaiser Cucumber,C,45,0,1C3C0B,Large Crop,Selphia,5,,TRUE,0,,980,350,
Kaiser Lamp Grass,57,326,2,1C3C56,Large Crop,Selphia,5,,TRUE,0,,8500,3250,
King Cabbage,2,7,4,1C3C01,Large Crop,Selphia,7,,TRUE,0,,12000,3400,
King Cherry Grass,55,318,6,1C3C54,Large Crop,Selphia,4,,TRUE,0,,3800,1200,
King Pineapple,3A,217,4,1C3C39,Large Crop,Selphia,8,,TRUE,0,,28000,8000,
King Pink Cat,44,255,0,1C3C43,Large Crop,Selphia,1,,TRUE,0,,2200,600,
King Pom-Pom Grass,69,393,6,1C3C68,Large Crop,Selphia,3,,TRUE,0,,7000,2300,
Large Noel Grass,65,378,6,1C3C64,Large Crop,Selphia,9,,TRUE,0,,33300,10000,
Legendary Leek,22,127,4,1C3C21,Large Crop,Water Ruins,6,,TRUE,0,,20000,8000,
Lordly Yam,14,75,0,1C3C13,Large Crop,Selphia,3,,TRUE,0,,2200,800,
Noble Radish,20,120,0,1C3C1F,Large Crop,Selphia,1,,TRUE,0,,5400,2000,
Princely Potato,16,82,4,1C3C15,Large Crop,Selphia,1,,TRUE,0,,1600,500,
Royal Carrot,18,90,0,1C3C17,Large Crop,Selphia,4,,TRUE,0,,7000,2000,
Sovereign Spinach,1C,105,0,1C3C1B,Large Crop,Selphia,1,,TRUE,0,,1000,350,
Sultan Strawberry,38,210,0,1C3C37,Large Crop,Selphia,4,,TRUE,0,,2500,700,
Super Ironleaf,5D,348,6,1C3C5C,Large Crop,Selphia,7,,TRUE,0,,22222,5555,
Titan Tomato,10,60,0,1C3C0F,Large Crop,Selphia,9,,TRUE,0,,8000,3000,
Tyrant Turnip,1E,112,4,1C3C1D,Large Crop,Selphia,0,,TRUE,0,,800,200,
Ultra Moondrop Flower,42,247,4,1C3C41,Large Crop,Selphia,1,,TRUE,0,,2000,650,
Ultra Onion,8,30,0,1C3C07,Large Crop,Selphia,7,,TRUE,0,,16000,4000,
Ultra Toyherb,40,240,0,1C3C3F,Large Crop,Selphia,0,,TRUE,0,,1500,350,
Amethyst,33D,3108,6,1C3F3C,Mineral,Selphia Plains,0,,TRUE,0,,500,50,
Aquamarine,33E,3112,4,1C3F3D,Mineral,Water Ruins,1,,TRUE,0,,1500,150,
Big Crystal,397,3446,2,1C3F96,Mineral,Leon Karnak,10,,TRUE,0,,16000,1600,
Bronze,334,3075,0,1C3F33,Mineral,Selphia Plains - West,2,,TRUE,5,3,800,100,
Diamond,339,3093,6,1C3F38,Mineral,Sechs Territory,7,,TRUE,0,,14400,640,
Dragonic Stone,3D8,3690,0,1C3FD7,Mineral,Rune Prana F4,10,,TRUE,0,,128000,5000,
Earth Crystal,347,3146,2,1C3F46,Mineral,Selphia Plains,0,,TRUE,0,,2000,250,
Emerald,33B,3101,2,1C3F3A,Mineral,Yokmir Cave,3,,TRUE,0,,4800,380,
Glitta Augite,3A7,3506,2,1C3FA6,Mineral,Obsidian Mansion,2,,TRUE,1,1,6800,680,
Gold,336,3082,4,1C3F35,Mineral,Maya Road,5,,TRUE,0,,7800,480,
Invisible Stone,3A2,3487,4,1C3FA1,Mineral,Selphia Plains,5,,TRUE,0,,5800,600,
Iron,333,3071,2,1C3F32,Mineral,Selphia Plains,0,,TRUE,5,1,200,20,
Light Ore,3A8,3510,0,1C3FA7,Mineral,Maya Road (Underground),6,,TRUE,0,,200000,10000,
Orichalcum,338,3090,0,1C3F37,Mineral,Leon Karnak,9,,TRUE,0,,28000,3500,
Platinum,337,3086,2,1C3F36,Mineral,Floating Empire,8,,TRUE,0,,12000,1500,
Ruby,33A,3097,4,1C3F39,Mineral,Delirium Lava Ruins,3,,TRUE,0,,7000,440,
Rune Crystal,398,3450,0,1C3F97,Mineral,Anywhere (Rare),10,,TRUE,1,1,96000,9800,
Sapphire,33C,3105,0,1C3F3B,Mineral,Maya Road (Underground),6,,TRUE,0,,9800,520,
Scrap Metal,332,3067,4,1C3F31,Mineral,Selphia Plains,0,,TRUE,7,1,50,3,
Shade Stone,3A3,3491,2,1C3FA2,Mineral,Mineral,2,,TRUE,1,1,2800,250,
Silver,335,3078,6,1C3F34,Mineral,Autumn Road,3,,TRUE,0,,3600,320,
Small Crystal,36E,3292,4,1C3F6D,Mineral,Anywhere (Rare),11,,TRUE,0,,120000,12000,
White Stone,3A1,3483,6,1C3FA0,Mineral,Sechs Territory,11,,TRUE,0,,80000,8000,
Monarch Mushroom,36,202,4,1C3C35,Mushroom,Sercerezo Hill,11,,TRUE,1,1,50000,10000,
Mushroom 1,30,180,0,1C3C2F,Mushroom,Selphia Plains,1,,TRUE,3,1,2000,10,
Mushroom 2,31,183,6,1C3C30,Mushroom,Selphia Plains,1,,TRUE,3,1,2000,10,
Mushroom 3,32,187,4,1C3C31,Mushroom,Selphia Plains,1,,TRUE,3,1,2000,10,
Mushroom 4,33,191,2,1C3C32,Mushroom,Selphia Plains,1,,TRUE,3,1,2000,10,
Mushroom 5,34,195,0,1C3C33,Mushroom,Selphia Plains,1,,TRUE,3,1,2000,10,
Mushroom 6,35,198,6,1C3C34,Mushroom,Selphia Plains,1,,TRUE,3,1,2000,10,
Bamboo Sprout,27,146,2,1C3C26,Other,Selphia,0,,TRUE,0,,200,40,
Battle Turnip,3D2,3667,4,1C3FD1,Other,Selphia,12,,FALSE,0,,0,0,
Branch,3FD,3828,6,1C3FFC,Other,Selphia,0,,TRUE,0,,100,20,
Lumber,3FE,3832,4,1C3FFD,Other,Selphia,0,,TRUE,0,,500,40,
Material Stone,3FF,3836,2,1C3FFE,Other,Selphia,0,,TRUE,0,,500,40,
Rock,3FC,3825,0,1C3FFB,Other,Selphia,0,,TRUE,0,,10,2,
Antidote Potion,73,431,2,1C3C72,Potion,Selphia,,,TRUE,0,,1200,150,
Cold Medicine,76,442,4,1C3C75,Potion,Selphia,,,TRUE,0,,1000,110,
Formuade,77,446,2,1C3C76,Potion,Selphia,,,TRUE,0,,20000,2500,
Formula A,326,3022,4,1C3F25,Potion,Selphia,,,TRUE,5,5,1200,30,
Formula B,327,3026,2,1C3F26,Potion,Selphia,,,TRUE,4,4,3600,240,
Formula C,328,3030,0,1C3F27,Potion,Selphia,,,TRUE,3,3,9800,500,
Giantizer,32B,3041,2,1C3F2A,Potion,Selphia,,,TRUE,1,8,12000,300,
Greenifier,324,3015,0,1C3F23,Potion,Selphia,,,TRUE,5,8,3000,80,
Greenifier+,325,3018,6,1C3F24,Potion,Selphia,,,TRUE,3,4,12000,800,
Healing Potion,80,480,0,1C3C7F,Potion,Selphia,,,TRUE,0,,500,120,
Invinciroid,79,453,6,1C3C78,Potion,Selphia,,,TRUE,0,,1120000,5000,
Leveliser,7A,457,4,1C3C79,Potion,Selphia,,,TRUE,3,5,5000000,3000,
Love Potion,78,450,0,1C3C77,Potion,Selphia,,,TRUE,3,9,3000000,500,
Magical Potion,82,487,4,1C3C81,Potion,Selphia,,,TRUE,0,,5000,2000,
Minimizer,32C,3045,0,1C3F2B,Potion,Selphia,,,TRUE,0,,8000,100,
Mystery Potion,81,483,6,1C3C80,Potion,Selphia,,,TRUE,0,,1500,200,
No Rot α,329,3033,6,1C3F28,Potion,Selphia,,,TRUE,0,,2000,50,
No Rot β,32A,3037,4,1C3F29,Potion,Selphia,,,TRUE,0,,8000,480,
Object X,83,491,2,1C3C82,Potion,Selphia,,,TRUE,3,5,150,2,
Para-Gone,74,435,0,1C3C73,Potion,Selphia,,,TRUE,0,,900,80,
Recovery Potion,7F,476,2,1C3C7E,Potion,Selphia,,,TRUE,0,,80,15,
Roundoff,75,438,6,1C3C74,Potion,Selphia,,,TRUE,0,,800,60,
Wettable Powder,323,3011,2,1C3F22,Potion,Selphia,,,TRUE,0,,2000,150,
Fur (L),330,3060,0,1C3F2F,Product,Floating Empire,8,Wooly,TRUE,0,,3800,700,
Fur (M),32F,3056,2,1C3F2E,Product,Idra Cave,5,Wooly,TRUE,0,,1400,200,
Fur (S),32E,3052,4,1C3F2D,Product,Selphia Plains,0,Wooly,TRUE,0,,30,6,
Apple Tree Seeds,31C,2985,0,1C3F1B,Seed,Selphia Plains - West,2,,TRUE,8,1,7000,700,
Autumn Grass Seeds,30E,2932,4,1C3F0D,Seed,Selphia,8,,TRUE,10,4,2500,250,
Blue Crystal Seeds,307,2906,2,1C3F06,Seed,Sercerezo Hill,6,,TRUE,5,4,30000,1000,
Bok Choy Seeds,315,2958,6,1C3F14,Seed,Selphia,7,,TRUE,10,4,1000,100,
Cabbage Seeds,2F5,2838,6,1C3EF4,Seed,Selphia,7,,TRUE,10,4,980,98,
Carrot Seeds,2FF,2876,2,1C3EFE,Seed,Selphia,4,,TRUE,10,4,400,40,
Charm Blue Seeds,303,2891,2,1C3F02,Seed,Selphia,2,,TRUE,10,4,370,37,
Cherry Grass Seeds,305,2898,6,1C3F04,Seed,Selphia,4,,TRUE,10,4,420,42,
Clover Seeds,30A,2917,4,1C3F09,Seed,Selphia,6,,TRUE,10,4,960,96,
Corn Seeds,2F9,2853,6,1C3EF8,Seed,Selphia,4,,TRUE,10,4,450,45,
Cucumber Seeds,2F3,2831,2,1C3EF2,Seed,Selphia,5,,TRUE,10,4,320,32,
Dungeon Seed,320,3000,0,1C3F1F,Seed,Demon's Den,5,,TRUE,2,1,5000,500,
Eggplant Seeds,2FE,2872,4,1C3EFD,Seed,Selphia,8,,TRUE,10,4,720,72,
Emery Flower Seeds,308,2910,0,1C3F07,Seed,Selphia,10,,TRUE,1,4,50000,2500,
Fireflower Seeds,30B,2921,2,1C3F0A,Seed,Selphia,9,,TRUE,10,4,5000,500,
Fodder Seeds,304,2895,0,1C3F03,Seed,Selphia,0,,TRUE,10,4,30,3,
Gold Cabbage Seeds,316,2962,4,1C3F15,Seed,Sercerezo Hill,10,,TRUE,3,4,5000,500,
Gold Melon Seeds,31A,2977,4,1C3F19,Seed,Selphia,9,,TRUE,3,4,2120,212,
Gold Potato Seeds,318,2970,0,1C3F17,Seed,Water Ruins,10,,TRUE,3,4,4000,400,
Gold Pumpkin Seeds,317,2966,2,1C3F16,Seed,Selphia,10,,TRUE,3,4,4500,450,Pineapple Juice Recipe
Gold Turnip Seeds,319,2973,6,1C3F18,Seed,Floating Empire,10,,TRUE,3,4,10000,1000,
Grape Tree Seed,31E,2992,4,1C3F1D,Seed,Selphia Plains - West,2,,TRUE,8,1,6000,600,
Green Crystal Seeds,30C,2925,0,1C3F0B,Seed,Sercerezo Hill,6,,TRUE,5,4,30000,1000,
Green Pepper Seeds,302,2887,4,1C3F01,Seed,Selphia,6,,TRUE,10,4,800,80,
Hot-Hot Seeds,31B,2981,2,1C3F1A,Seed,Selphia,8,,TRUE,10,4,1200,120,
Ironleaf Seeds,309,2913,6,1C3F08,Seed,Selphia,7,,TRUE,10,4,600,60,
Lamp Grass Seeds,306,2902,4,1C3F05,Seed,Selphia,5,,TRUE,10,4,740,74,
Leek Seeds,314,2955,0,1C3F13,Seed,Water Ruins,6,,TRUE,10,4,680,68,
Moondrop Seeds,2F6,2842,4,1C3EF5,Seed,Selphia,1,,TRUE,10,4,250,25,
Noel Grass Seeds,30D,2928,6,1C3F0C,Seed,Selphia,9,,TRUE,10,4,2700,270,
Onion Seeds,2FA,2857,4,1C3EF9,Seed,Selphia,7,,TRUE,10,4,1480,148,
Orange Tree Seed,31D,2988,6,1C3F1C,Seed,Selphia Plains - West,2,,TRUE,8,1,5000,500,
Pineapple Seeds,2FC,2865,0,1C3EFB,Seed,Selphia,8,,TRUE,10,4,2800,280,
Pink Cat Seeds,2FD,2868,6,1C3EFC,Seed,Selphia,1,,TRUE,10,4,180,18,
Pink Turnip Seeds,312,2947,4,1C3F11,Seed,Selphia,2,,TRUE,10,4,160,16,
Pom-Pom Grass Sds.,30F,2936,2,1C3F0E,Seed,Selphia,3,,TRUE,10,4,510,51,
Potato Seeds,2F2,2827,4,1C3EF1,Seed,Selphia,1,,TRUE,10,4,80,8,
Pumpkin Seeds,2FB,2861,2,1C3EFA,Seed,Selphia,5,,TRUE,10,4,200,20,
Radish Seeds,313,2951,2,1C3F12,Seed,Selphia,1,,TRUE,10,4,120,12,
Red Crystal Seeds,310,2940,0,1C3F0F,Seed,Sercerezo Hill,6,,TRUE,10,4,30000,1000,
Shield Seed,322,3007,4,1C3F21,Seed,Demon's Den,6,,TRUE,3,4,1500,150,
Shining Seed,31F,2996,2,1C3F1E,Seed,Obsidian Mansion,2,,TRUE,5,1,3000,300,
Spinach Seeds,301,2883,6,1C3F00,Seed,Selphia,1,,TRUE,10,4,60,6,
Strawberry Seeds,2F4,2835,0,1C3EF3,Seed,Selphia,4,,TRUE,10,4,400,40,
Sword Seed,321,3003,6,1C3F20,Seed,Demon's Den,6,,TRUE,3,4,1500,150,
Tomato Seeds,2F8,2850,0,1C3EF7,Seed,Selphia,9,,TRUE,10,4,1880,188,
Toyherb Seeds,2F7,2846,2,1C3EF6,Seed,Selphia,0,,TRUE,10,4,60,6,
Turnip Seeds,2F1,2823,6,1C3EF0,Seed,Selphia,0,,TRUE,10,4,10,2,
White Crystal Seeds,311,2943,6,1C3F10,Seed,Sercerezo Hill,6,,TRUE,10,4,30000,1000,
Yam Seeds,300,2880,0,1C3EFF,Seed,Selphia,3,,TRUE,10,4,250,25,
Autumn Headdress,2BD,2628,6,1C3EBC,Special,Autumn Spring,3,,TRUE,0,,0,500,
Spring Headdress,2BB,2621,2,1C3EBA,Special,Spring Spring,5,,TRUE,0,,0,500,
Summer Headdress,2BC,2625,0,1C3EBB,Special,Summer Spring,0,,TRUE,0,,0,500,
Winter Headdress,2BE,2632,4,1C3EBD,Special,Winter Spring,7,,TRUE,0,,0,500,
Avenger Rock,409,3873,6,1C4008,Spell,Floating Empire - East,,,TRUE,0,,6900,345,
Axel Disaster,42C,4005,0,1C402B,Spell,Maya Road F2,,,TRUE,0,,3200,160,
Big Fire,402,3847,4,1C4001,Spell,Delirium Lava Ruins F1,,,TRUE,0,,4400,220,
Blitz,421,3963,6,1C4020,Spell,Maya Road F1,,,TRUE,0,,8400,420,Heavy Boots
Bonus Concerto,438,4050,0,1C4037,Spell,Delirium Lava Ruins F1,,,TRUE,0,,3800,190,
Cure,413,3911,2,1C4012,Spell,Obsidian Mansion,,,TRUE,0,,1200,60,
Cure All,414,3915,0,1C4013,Spell,Delirium Lava Ruins F2,,,TRUE,0,,5800,290,
Cyclone,436,4042,4,1C4035,Spell,Sechs Territory F1,,,TRUE,0,,12000,600,
Dark Ball,410,3900,0,1C400F,Spell,Autumn Road,,,TRUE,0,,2800,140,
Dark Snake,411,3903,6,1C4010,Spell,Maya Underground (2),,,TRUE,0,,5600,280,
Darkness,412,3907,4,1C4011,Spell,Leon Karnak,,,TRUE,0,,8400,420,
Dash Slash,41B,3941,2,1C401A,Spell,Yokmir Cave F3,,,TRUE,0,,2000,100,
Delta Laser,406,3862,4,1C4005,Spell,Floating Empire - West,,,TRUE,0,,7200,360,
Delta Strike,428,3990,0,1C4027,Spell,Maya Underground (1),,,TRUE,0,,1500,75,
Double Kick,432,4027,4,1C4031,Spell,Floating Empire - East,,,TRUE,0,,7800,390,
Double Sonic,40B,3881,2,1C400A,Spell,Idra Cave B2,,,TRUE,0,,5000,250,
Earth Spike,408,3870,0,1C4007,Spell,Idra Cave B2,,,TRUE,0,,4600,230,
Escape,400,3840,0,1C3FFF,Spell,Selphia,,,FALSE,0,,0,0,
Explosion,403,3851,2,1C4002,Spell,Sechs Territory F2,,,TRUE,0,,6600,330,
Fireball,401,3843,6,1C4000,Spell,Selphia,,,TRUE,0,,2200,110,
Flash Strike,425,3978,6,1C4024,Spell,Obsidian Mansion,,,TRUE,0,,9800,490,
Giga Swing,430,4020,0,1C402F,Spell,Sechs Territory,,,TRUE,0,,11000,550,
Grand Impact,42F,4016,2,1C402E,Spell,Floating Empire - East,,,TRUE,0,,5700,285,
Greeting Spell,419,3933,6,1C4018,Spell,Selphia,,,TRUE,0,,1500,75,
Gust,41F,3956,2,1C401E,Spell,Selphia Plains - West,,,TRUE,0,,2600,130,
Hurricane,429,3993,6,1C4028,Spell,Leon Karnak,,,TRUE,0,,2100,105,
Iron Waltz,43A,4057,4,1C4039,Spell,Selphia,,,TRUE,0,,7800,390,
Light Barrier,40D,3888,6,1C400C,Spell,Delirium Lava Ruins F2,,,TRUE,0,,3000,150,
Master Cure,415,3918,6,1C4014,Spell,Sechs Territory F1,,,TRUE,0,,9800,490,
Mediparalyze,417,3926,2,1C4016,Spell,Idra Cave,,,TRUE,0,,3200,160,
Medipoison,416,3922,4,1C4015,Spell,Sercerezo Hill,,,TRUE,0,,1800,90,
Mediseal,418,3930,0,1C4017,Spell,Maya Underground (1),,,TRUE,0,,4800,240,
Millionstrike,42B,4001,2,1C402A,Spell,Idra Cave B1,,,TRUE,0,,8800,440,
Mind Thrust,41E,3952,4,1C401D,Spell,Idra Cave B1,,,TRUE,0,,2800,140,
Naive Blade,426,3982,4,1C4025,Spell,Autumn Road,,,TRUE,0,,5500,275,
Neko Damashi,434,4035,0,1C4033,Spell,Floating Empire,,,TRUE,0,,6500,325,
Parallel Laser,405,3858,6,1C4004,Spell,Autumn Road,,,TRUE,0,,4800,240,Lightning Weather
Penetrate Sonic,40C,3885,0,1C400B,Spell,Floating Empire - South,,,TRUE,0,,7500,375,
Power Wave,41A,3937,4,1C4019,Spell,Selphia Plains,,,TRUE,0,,1300,130,
Prism,40F,3896,2,1C400E,Spell,Maya Underground (2),,,TRUE,0,,9000,450,
Rail Strike,423,3971,2,1C4022,Spell,Maya Underground (2),,,TRUE,0,,3800,190,
Rapid Move,437,4046,2,1C4036,Spell,Sechs Territory F1,,,TRUE,0,,9800,490,
Reaper Slash,42A,3997,4,1C4029,Spell,Selphia Plains,,,TRUE,0,,2700,135,
Round Break,41D,3948,6,1C401C,Spell,Floating Empire - East,,,TRUE,0,,6900,345,
Rush Attack,41C,3945,0,1C401B,Spell,Selphia,,,TRUE,0,,3800,190,
Rush Punch,435,4038,6,1C4034,Spell,Delirium Lava Ruins F1,,,TRUE,0,,5800,240,
Screw Rock,407,3866,2,1C4006,Spell,Autumn Road,,,TRUE,0,,2300,115,
Shine,40E,3892,4,1C400D,Spell,Sercerezo Hill,,,TRUE,0,,6000,300,
Sonic Wind,40A,3877,4,1C4009,Spell,Yokmir Cave F2,,,TRUE,0,,2500,125,
Stardust Upper,42D,4008,6,1C402C,Spell,Sercerezo Hill,,,TRUE,0,,1900,95,
Steel Heart,427,3986,2,1C4026,Spell,Sechs Territory F1,,,TRUE,0,,3800,190,
Storm,420,3960,0,1C401F,Spell,Sercerezo Hill,,,TRUE,0,,4500,225,
Straight Punch,433,4031,2,1C4032,Spell,Sechs Territory F2,,,TRUE,0,,9000,450,
Striking March,439,4053,6,1C4038,Spell,Selphia,,,TRUE,0,,8000,400,
Tornado Swing,42E,4012,4,1C402D,Spell,Floating Empire - South,,,TRUE,0,,2400,120,
Twin Attack,422,3967,4,1C4021,Spell,Sechs Territory F2,,,TRUE,0,,1700,85,
Upper Cut,431,4023,6,1C4030,Spell,Selphia Plains,,,TRUE,0,,3000,150,
Water Laser,404,3855,0,1C4003,Spell,Water Ruins,,,TRUE,0,,2400,120,
Wind Slash,424,3975,0,1C4023,Spell,Leon Karnak,,,TRUE,0,,3400,170,
Brush,2EE,2812,4,1C3EED,Tool,Selphia,0,,TRUE,0,,2400,640,
progression,2EF,2816,2,1C3EEE,Tool,Selphia,0,,TRUE,0,,1900,520,
Magnifying Glass,2F0,2820,0,1C3EEF,Tool,Selphia,0,,TRUE,0,,2000,500,
Heart Drink,72,427,4,1C3C71,Vitamin,Selphia,9,,TRUE,1,3,1500000,1300,
Intelligencer,70,420,0,1C3C6F,Vitamin,Selphia,9,,TRUE,1,3,2000000,1500,
The Protein,6F,416,2,1C3C6E,Vitamin,Selphia,9,,TRUE,1,3,2000000,1500,
Vital Gummi,71,423,6,1C3C70,Vitamin,Selphia,9,,TRUE,1,3,2000000,1500,